제목,URL
파이썬 자습서 — Python 3.10.4 문서,https://docs.python.org/ko/3/tutorial/index.html
Welcome to Python.org,https://www.python.org/
"파이썬 - 위키백과, 우리 모두의 백과사전",https://ko.wikipedia.org/wiki/%ED%8C%8C%EC%9D%B4%EC%8D%AC
1. 파이썬 시작하기 - 왕초보를 위한 Python - 위키독스,https://wikidocs.net/43
Python - 나무위키,https://namu.wiki/w/Python
"파이썬(Python) 바로 알기 – 특징, 장점, 활용 사례 - 가비아 ...",https://library.gabia.com/contents/9256/
모두를 위한 프로그래밍 : 파이썬 강좌소개 - edwith,https://www.edwith.org/pythonforeverybody
"[미디어] 파이썬, 남들 다 한다고 시작하나요? 이럴 때 배우세요.",https://fastcampus.co.kr/story_article_pythontop3
