순위,곡명,가수,앨범,앨범이미지,앨범주소
1 위,That That (prod. & feat. SUGA of BTS),싸이 (PSY),싸다9,https://cdnimg.melon.co.kr/cm2/album/images/109/37/474/10937474_20220428225312_500.jpg/melon/resize/120/quality/80/optimize,https://www.melon.com/album/detail.htm?albumId=10937474
2 위,TOMBOY,(여자)아이들,I NEVER DIE,https://cdnimg.melon.co.kr/cm2/album/images/108/90/384/10890384_20220314111504_500.jpg/melon/resize/120/quality/80/optimize,https://www.melon.com/album/detail.htm?albumId=10890384
3 위,LOVE DIVE,IVE (아이브),LOVE DIVE,https://cdnimg.melon.co.kr/cm2/album/images/109/09/179/10909179_20220405103521_500.jpg/melon/resize/120/quality/80/optimize,https://www.melon.com/album/detail.htm?albumId=10909179
4 위,사랑인가 봐,멜로망스,사랑인가 봐 (사내맞선 OST 스페셜 트랙),https://cdnimg.melon.co.kr/cm2/album/images/108/71/162/10871162_20220217162422_500.jpg/melon/resize/120/quality/80/optimize,https://www.melon.com/album/detail.htm?albumId=10871162
5 위,봄여름가을겨울 (Still Life),BIGBANG (빅뱅),봄여름가을겨울 (Still Life),https://cdnimg.melon.co.kr/cm2/album/images/109/08/834/10908834_20220404174407_500.jpg/melon/resize/120/quality/80/optimize,https://www.melon.com/album/detail.htm?albumId=10908834
6 위,사랑은 늘 도망가,임영웅,신사와 아가씨 OST Part.2,https://cdnimg.melon.co.kr/cm2/album/images/107/35/654/10735654_20211008114339_500.jpg/melon/resize/120/quality/80/optimize,https://www.melon.com/album/detail.htm?albumId=10735654
7 위,정이라고 하자 (Feat. 10CM),BIG Naughty (서동현),정이라고 하자,https://cdnimg.melon.co.kr/cm2/album/images/109/25/762/10925762_20220419152007_500.jpg/melon/resize/120/quality/80/optimize,https://www.melon.com/album/detail.htm?albumId=10925762
8 위,우리들의 블루스,임영웅,IM HERO,https://cdnimg.melon.co.kr/cm2/album/images/109/23/444/10923444_20220502140600_500.jpg/melon/resize/120/quality/80/optimize,https://www.melon.com/album/detail.htm?albumId=10923444
9 위,나의 X에게,경서,나의 X에게,https://cdnimg.melon.co.kr/cm2/album/images/109/29/486/10929486_20220422151852_500.jpg/melon/resize/120/quality/80/optimize,https://www.melon.com/album/detail.htm?albumId=10929486
10 위,다시 만날 수 있을까,임영웅,IM HERO,https://cdnimg.melon.co.kr/cm2/album/images/109/23/444/10923444_20220502140600_500.jpg/melon/resize/120/quality/80/optimize,https://www.melon.com/album/detail.htm?albumId=10923444
11 위,LOVE me,BE'O (비오),LOVE me,https://cdnimg.melon.co.kr/cm2/album/images/109/16/904/10916904_20220412101049_500.jpg/melon/resize/120/quality/80/optimize,https://www.melon.com/album/detail.htm?albumId=10916904
12 위,Feel My Rhythm,Red Velvet (레드벨벳),‘The ReVe Festival 2022 - Feel My Rhythm’,https://cdnimg.melon.co.kr/cm2/album/images/108/94/554/10894554_20220321100622_500.jpg/melon/resize/120/quality/80/optimize,https://www.melon.com/album/detail.htm?albumId=10894554
13 위,FEARLESS,LE SSERAFIM (르세라핌),FEARLESS,https://cdnimg.melon.co.kr/cm2/album/images/109/39/458/10939458_20220502123814_500.jpg/melon/resize/120/quality/80/optimize,https://www.melon.com/album/detail.htm?albumId=10939458
14 위,취중고백,김민석 (멜로망스),취중고백,https://cdnimg.melon.co.kr/cm2/album/images/108/16/959/10816959_20211217144957_500.jpg/melon/resize/120/quality/80/optimize,https://www.melon.com/album/detail.htm?albumId=10816959
15 위,GANADARA (Feat. 아이유),박재범,GANADARA,https://cdnimg.melon.co.kr/cm2/album/images/108/89/981/10889981_20220311110820_500.jpg/melon/resize/120/quality/80/optimize,https://www.melon.com/album/detail.htm?albumId=10889981
16 위,이제 나만 믿어요,임영웅,내일은 미스터트롯 우승자 특전곡,https://cdnimg.melon.co.kr/cm2/album/images/104/12/319/10412319_20200403103006_500.jpg/melon/resize/120/quality/80/optimize,https://www.melon.com/album/detail.htm?albumId=10412319
17 위,HOT,세븐틴,SEVENTEEN 4th Album 'Face the Sun',https://cdnimg.melon.co.kr/cm2/album/images/109/22/231/10922231_20220527120653_500.jpg/melon/resize/120/quality/80/optimize,https://www.melon.com/album/detail.htm?albumId=10922231
18 위,무지개,임영웅,IM HERO,https://cdnimg.melon.co.kr/cm2/album/images/109/23/444/10923444_20220502140600_500.jpg/melon/resize/120/quality/80/optimize,https://www.melon.com/album/detail.htm?albumId=10923444
19 위,ZOOM,제시 (Jessi),ZOOM,https://cdnimg.melon.co.kr/cm2/album/images/109/18/269/10918269_20220413101153_500.jpg/melon/resize/120/quality/80/optimize,https://www.melon.com/album/detail.htm?albumId=10918269
20 위,아버지,임영웅,IM HERO,https://cdnimg.melon.co.kr/cm2/album/images/109/23/444/10923444_20220502140600_500.jpg/melon/resize/120/quality/80/optimize,https://www.melon.com/album/detail.htm?albumId=10923444
21 위,Beatbox,NCT DREAM,Beatbox - The 2nd Album Repackage,https://cdnimg.melon.co.kr/cm2/album/images/109/69/893/10969893_20220530105316_500.jpg/melon/resize/120/quality/80/optimize,https://www.melon.com/album/detail.htm?albumId=10969893
22 위,신호등,이무진,신호등,https://cdnimg.melon.co.kr/cm2/album/images/106/07/796/10607796_20210513201807_500.jpg/melon/resize/120/quality/80/optimize,https://www.melon.com/album/detail.htm?albumId=10607796
23 위,INVU,태연 (TAEYEON),INVU - The 3rd Album,https://cdnimg.melon.co.kr/cm2/album/images/108/63/559/10863559_20220214160739_500.jpg/melon/resize/120/quality/80/optimize,https://www.melon.com/album/detail.htm?albumId=10863559
24 위,손이 참 곱던 그대,임영웅,IM HERO,https://cdnimg.melon.co.kr/cm2/album/images/109/23/444/10923444_20220502140600_500.jpg/melon/resize/120/quality/80/optimize,https://www.melon.com/album/detail.htm?albumId=10923444
25 위,A bientot,임영웅,IM HERO,https://cdnimg.melon.co.kr/cm2/album/images/109/23/444/10923444_20220502140600_500.jpg/melon/resize/120/quality/80/optimize,https://www.melon.com/album/detail.htm?albumId=10923444
26 위,다정히 내 이름을 부르면,경서예지,다정히 내 이름을 부르면 (경서예지 x 전건호),https://cdnimg.melon.co.kr/cm2/album/images/106/10/525/10610525_20210518143433_500.jpg/melon/resize/120/quality/80/optimize,https://www.melon.com/album/detail.htm?albumId=10610525
27 위,Darl+ing,세븐틴,SEVENTEEN 4th Album 'Face the Sun',https://cdnimg.melon.co.kr/cm2/album/images/109/22/231/10922231_20220527120653_500.jpg/melon/resize/120/quality/80/optimize,https://www.melon.com/album/detail.htm?albumId=10922231
28 위,사랑해 진짜,임영웅,IM HERO,https://cdnimg.melon.co.kr/cm2/album/images/109/23/444/10923444_20220502140600_500.jpg/melon/resize/120/quality/80/optimize,https://www.melon.com/album/detail.htm?albumId=10923444
29 위,듣고 싶을까,MSG워너비(M.O.M),듣고 싶을까,https://cdnimg.melon.co.kr/cm2/album/images/108/80/544/10880544_20220225141002_500.jpg/melon/resize/120/quality/80/optimize,https://www.melon.com/album/detail.htm?albumId=10880544
30 위,ELEVEN,IVE (아이브),ELEVEN,https://cdnimg.melon.co.kr/cm2/album/images/107/98/794/10798794_20211201113915_500.jpg/melon/resize/120/quality/80/optimize,https://www.melon.com/album/detail.htm?albumId=10798794
31 위,MY BAG,(여자)아이들,I NEVER DIE,https://cdnimg.melon.co.kr/cm2/album/images/108/90/384/10890384_20220314111504_500.jpg/melon/resize/120/quality/80/optimize,https://www.melon.com/album/detail.htm?albumId=10890384
32 위,연애편지,임영웅,IM HERO,https://cdnimg.melon.co.kr/cm2/album/images/109/23/444/10923444_20220502140600_500.jpg/melon/resize/120/quality/80/optimize,https://www.melon.com/album/detail.htm?albumId=10923444
33 위,인생찬가,임영웅,IM HERO,https://cdnimg.melon.co.kr/cm2/album/images/109/23/444/10923444_20220502140600_500.jpg/melon/resize/120/quality/80/optimize,https://www.melon.com/album/detail.htm?albumId=10923444
34 위,사랑역,임영웅,IM HERO,https://cdnimg.melon.co.kr/cm2/album/images/109/23/444/10923444_20220502140600_500.jpg/melon/resize/120/quality/80/optimize,https://www.melon.com/album/detail.htm?albumId=10923444
35 위,STAY,The Kid LAROI,Stay,https://cdnimg.melon.co.kr/cm2/album/images/106/46/395/10646395_20210707141710_500.jpg/melon/resize/120/quality/80/optimize,https://www.melon.com/album/detail.htm?albumId=10646395
36 위,내가 아니라도,주호,내가 아니라도,https://cdnimg.melon.co.kr/cm2/album/images/108/97/407/10897407_20220323150744_500.jpg/melon/resize/120/quality/80/optimize,https://www.melon.com/album/detail.htm?albumId=10897407
37 위,보금자리,임영웅,IM HERO,https://cdnimg.melon.co.kr/cm2/album/images/109/23/444/10923444_20220502140600_500.jpg/melon/resize/120/quality/80/optimize,https://www.melon.com/album/detail.htm?albumId=10923444
38 위,사랑해요 그대를,임영웅,IM HERO,https://cdnimg.melon.co.kr/cm2/album/images/109/23/444/10923444_20220502140600_500.jpg/melon/resize/120/quality/80/optimize,https://www.melon.com/album/detail.htm?albumId=10923444
39 위,That's Hilarious,Charlie Puth,That's Hilarious,https://cdnimg.melon.co.kr/cm2/album/images/108/44/485/10844485_20220407163235_500.jpg/melon/resize/120/quality/80/optimize,https://www.melon.com/album/detail.htm?albumId=10844485
40 위,Weekend,태연 (TAEYEON),Weekend,https://cdnimg.melon.co.kr/cm2/album/images/106/45/654/10645654_20210706155154_500.jpg/melon/resize/120/quality/80/optimize,https://www.melon.com/album/detail.htm?albumId=10645654
41 위,Next Level,aespa,Next Level,https://cdnimg.melon.co.kr/cm2/album/images/106/09/232/10609232_20210517155130_500.jpg/melon/resize/120/quality/80/optimize,https://www.melon.com/album/detail.htm?albumId=10609232
42 위,너를 생각해,주시크 (Joosiq),너를 생각해,https://cdnimg.melon.co.kr/cm2/album/images/107/16/399/10716399_20210916173429_500.jpg/melon/resize/120/quality/80/optimize,https://www.melon.com/album/detail.htm?albumId=10716399
43 위,Dynamite,방탄소년단,Dynamite (DayTime Version),https://cdnimg.melon.co.kr/cm2/album/images/104/79/150/10479150_20200918102847_500.jpg/melon/resize/120/quality/80/optimize,https://www.melon.com/album/detail.htm?albumId=10479150
44 위,언제나 사랑해,케이시 (Kassy),조영수 리메이크 프로젝트 Part.2,https://cdnimg.melon.co.kr/cm2/album/images/108/57/681/10857681_20220204162442_500.jpg/melon/resize/120/quality/80/optimize,https://www.melon.com/album/detail.htm?albumId=10857681
45 위,SMILEY (Feat. BIBI),YENA (최예나),ˣ‿ˣ (SMiLEY),https://cdnimg.melon.co.kr/cm2/album/images/108/42/611/10842611_20220117110002_500.jpg/melon/resize/120/quality/80/optimize,https://www.melon.com/album/detail.htm?albumId=10842611
46 위,늦은 밤 헤어지긴 너무 아쉬워,케이시 (Kassy),LOVE & HATE,https://cdnimg.melon.co.kr/cm2/album/images/109/60/568/10960568_20220518153132_500.jpg/melon/resize/120/quality/80/optimize,https://www.melon.com/album/detail.htm?albumId=10960568
47 위,"회전목마 (Feat. Zion.T, 원슈타인) (Prod. Slom)",sokodomo,쇼미더머니 10 Episode 2,https://cdnimg.melon.co.kr/cm2/album/images/107/75/252/10775252_20211112142804_500.jpg/melon/resize/120/quality/80/optimize,https://www.melon.com/album/detail.htm?albumId=10775252
48 위,DON QUIXOTE,세븐틴,SEVENTEEN 4th Album 'Face the Sun',https://cdnimg.melon.co.kr/cm2/album/images/109/22/231/10922231_20220527120653_500.jpg/melon/resize/120/quality/80/optimize,https://www.melon.com/album/detail.htm?albumId=10922231
49 위,Butter,방탄소년단,Butter,https://cdnimg.melon.co.kr/cm2/album/images/106/12/483/10612483_20210521111412_500.jpg/melon/resize/120/quality/80/optimize,https://www.melon.com/album/detail.htm?albumId=10612483
50 위,너의 모든 순간,성시경,별에서 온 그대 OST Part.7,https://cdnimg.melon.co.kr/cm/album/images/022/32/505/2232505_500.jpg/melon/resize/120/quality/80/optimize,https://www.melon.com/album/detail.htm?albumId=2232505
51 위,드라마,아이유,조각집,https://cdnimg.melon.co.kr/cm2/album/images/108/27/816/10827816_20211229143632_500.jpg/melon/resize/120/quality/80/optimize,https://www.melon.com/album/detail.htm?albumId=10827816
52 위,리무진 (Feat. MINO) (Prod. GRAY),BE'O (비오),쇼미더머니 10 Episode 3,https://cdnimg.melon.co.kr/cm2/album/images/107/84/974/10784974_20211119152051_500.jpg/melon/resize/120/quality/80/optimize,https://www.melon.com/album/detail.htm?albumId=10784974
53 위,Domino,세븐틴,SEVENTEEN 4th Album 'Face the Sun',https://cdnimg.melon.co.kr/cm2/album/images/109/22/231/10922231_20220527120653_500.jpg/melon/resize/120/quality/80/optimize,https://www.melon.com/album/detail.htm?albumId=10922231
54 위,strawberry moon,아이유,strawberry moon,https://cdnimg.melon.co.kr/cm2/album/images/107/43/453/10743453_20211018165252_500.jpg/melon/resize/120/quality/80/optimize,https://www.melon.com/album/detail.htm?albumId=10743453
55 위,아무래도 난,주시크 (Joosiq),아무래도 난,https://cdnimg.melon.co.kr/cm2/album/images/109/03/658/10903658_20220329185034_500.jpg/melon/resize/120/quality/80/optimize,https://www.melon.com/album/detail.htm?albumId=10903658
56 위,버퍼링 (Glitch Mode),NCT DREAM,Glitch Mode - The 2nd Album,https://cdnimg.melon.co.kr/cm2/album/images/109/01/349/10901349_20220328124314_500.jpg/melon/resize/120/quality/80/optimize,https://www.melon.com/album/detail.htm?albumId=10901349
57 위,March,세븐틴,SEVENTEEN 4th Album 'Face the Sun',https://cdnimg.melon.co.kr/cm2/album/images/109/22/231/10922231_20220527120653_500.jpg/melon/resize/120/quality/80/optimize,https://www.melon.com/album/detail.htm?albumId=10922231
58 위,Permission to Dance,방탄소년단,Butter / Permission to Dance,https://cdnimg.melon.co.kr/cm2/album/images/106/48/182/10648182_20210709104950_500.jpg/melon/resize/120/quality/80/optimize,https://www.melon.com/album/detail.htm?albumId=10648182
59 위,Shadow,세븐틴,SEVENTEEN 4th Album 'Face the Sun',https://cdnimg.melon.co.kr/cm2/album/images/109/22/231/10922231_20220527120653_500.jpg/melon/resize/120/quality/80/optimize,https://www.melon.com/album/detail.htm?albumId=10922231
60 위,Seoul,볼빨간사춘기,Seoul,https://cdnimg.melon.co.kr/cm2/album/images/109/26/502/10926502_20220420071020_500.jpg/melon/resize/120/quality/80/optimize,https://www.melon.com/album/detail.htm?albumId=10926502
61 위,RUN2U,STAYC(스테이씨),YOUNG-LUV.COM,https://cdnimg.melon.co.kr/cm2/album/images/108/73/811/10873811_20220221141100_500.jpg/melon/resize/120/quality/80/optimize,https://www.melon.com/album/detail.htm?albumId=10873811
62 위,내 손을 잡아,아이유,최고의 사랑 OST Part.4,https://cdnimg.melon.co.kr/cm/album/images/012/86/252/1286252_500.jpg/melon/resize/120/quality/80/optimize,https://www.melon.com/album/detail.htm?albumId=1286252
63 위,노래해,세븐틴,SEVENTEEN 4th Album 'Face the Sun',https://cdnimg.melon.co.kr/cm2/album/images/109/22/231/10922231_20220527120653_500.jpg/melon/resize/120/quality/80/optimize,https://www.melon.com/album/detail.htm?albumId=10922231
64 위,"스물다섯, 스물하나",자우림,"Goodbye, grief.",https://cdnimg.melon.co.kr/cm/album/images/022/10/557/2210557_500.jpg/melon/resize/120/quality/80/optimize,https://www.melon.com/album/detail.htm?albumId=2210557
65 위,바라만 본다,MSG워너비(M.O.M),MSG워너비 1집,https://cdnimg.melon.co.kr/cm2/album/images/106/38/275/10638275_20210625172521_500.jpg/melon/resize/120/quality/80/optimize,https://www.melon.com/album/detail.htm?albumId=10638275
66 위,라일락,아이유,IU 5th Album 'LILAC',https://cdnimg.melon.co.kr/cm2/album/images/105/54/246/10554246_20210325161233_500.jpg/melon/resize/120/quality/80/optimize,https://www.melon.com/album/detail.htm?albumId=10554246
67 위,OHAYO MY NIGHT,디핵 (D-Hack),OHAYO MY NIGHT,https://cdnimg.melon.co.kr/cm2/album/images/104/47/520/10447520_20200619123343_500.jpg/melon/resize/120/quality/80/optimize,https://www.melon.com/album/detail.htm?albumId=10447520
68 위,호랑수월가,탑현,호랑수월가,https://cdnimg.melon.co.kr/cm2/album/images/108/42/005/10842005_20220114144240_500.jpg/melon/resize/120/quality/80/optimize,https://www.melon.com/album/detail.htm?albumId=10842005
69 위,IF you leave me,세븐틴,SEVENTEEN 4th Album 'Face the Sun',https://cdnimg.melon.co.kr/cm2/album/images/109/22/231/10922231_20220527120653_500.jpg/melon/resize/120/quality/80/optimize,https://www.melon.com/album/detail.htm?albumId=10922231
70 위,눈이 오잖아(Feat.헤이즈),이무진,눈이 오잖아(Feat.헤이즈),https://cdnimg.melon.co.kr/cm2/album/images/108/01/677/10801677_20211202181813_500.jpg/melon/resize/120/quality/80/optimize,https://www.melon.com/album/detail.htm?albumId=10801677
71 위,Celeb,싸이 (PSY),싸다9,https://cdnimg.melon.co.kr/cm2/album/images/109/37/474/10937474_20220428225312_500.jpg/melon/resize/120/quality/80/optimize,https://www.melon.com/album/detail.htm?albumId=10937474
72 위,마지막 인사 (To My First),NCT DREAM,Beatbox - The 2nd Album Repackage,https://cdnimg.melon.co.kr/cm2/album/images/109/69/893/10969893_20220530105316_500.jpg/melon/resize/120/quality/80/optimize,https://www.melon.com/album/detail.htm?albumId=10969893
73 위,미친 것처럼,V.O.S,아픔을 말하는,https://cdnimg.melon.co.kr/cm2/album/images/109/54/134/10954134_20220513160759_500.jpg/melon/resize/120/quality/80/optimize,https://www.melon.com/album/detail.htm?albumId=10954134
74 위,Ash,세븐틴,SEVENTEEN 4th Album 'Face the Sun',https://cdnimg.melon.co.kr/cm2/album/images/109/22/231/10922231_20220527120653_500.jpg/melon/resize/120/quality/80/optimize,https://www.melon.com/album/detail.htm?albumId=10922231
75 위,Counting Stars (Feat. Beenzino),BE'O (비오),Counting Stars,https://cdnimg.melon.co.kr/cm2/album/images/108/10/162/10810162_20211210171704_500.jpg/melon/resize/120/quality/80/optimize,https://www.melon.com/album/detail.htm?albumId=10810162
76 위,With you,지민,우리들의 블루스 OST Part 4,https://cdnimg.melon.co.kr/cm2/album/images/109/29/466/10929466_20220422145303_500.jpg/melon/resize/120/quality/80/optimize,https://www.melon.com/album/detail.htm?albumId=10929466
77 위,Bad Habits,Ed Sheeran,= (Tour Edition),https://cdnimg.melon.co.kr/cm2/album/images/106/37/411/10637411_20220526171931_500.jpg/melon/resize/120/quality/80/optimize,https://www.melon.com/album/detail.htm?albumId=10637411
78 위,Celebrity,아이유,IU 5th Album 'LILAC',https://cdnimg.melon.co.kr/cm2/album/images/105/54/246/10554246_20210325161233_500.jpg/melon/resize/120/quality/80/optimize,https://www.melon.com/album/detail.htm?albumId=10554246
79 위,Step Back,GOT the beat,Step Back,https://cdnimg.melon.co.kr/cm2/album/images/108/30/791/10830791_20220103153352_500.jpg/melon/resize/120/quality/80/optimize,https://www.melon.com/album/detail.htm?albumId=10830791
80 위,Savage,aespa,Savage - The 1st Mini Album,https://cdnimg.melon.co.kr/cm2/album/images/107/31/792/10731792_20211005145407_500.jpg/melon/resize/120/quality/80/optimize,https://www.melon.com/album/detail.htm?albumId=10731792
81 위,Off My Face,Justin Bieber,Justice (The Complete Edition),https://cdnimg.melon.co.kr/cm2/album/images/105/80/103/10580103_20211008114642_500.jpg/melon/resize/120/quality/80/optimize,https://www.melon.com/album/detail.htm?albumId=10580103
82 위,밤하늘의 별을(2020),경서,밤하늘의 별을(2020),https://cdnimg.melon.co.kr/cm2/album/images/105/18/234/10518234_20210216102853_500.jpg/melon/resize/120/quality/80/optimize,https://www.melon.com/album/detail.htm?albumId=10518234
83 위,고백,멜로망스,세 번째 '고백',https://cdnimg.melon.co.kr/cm2/album/images/106/95/590/10695590_20210827162225_500.jpg/melon/resize/120/quality/80/optimize,https://www.melon.com/album/detail.htm?albumId=10695590
84 위,문득,BE'O (비오),Bipolar,https://cdnimg.melon.co.kr/cm2/album/images/106/01/149/10601149_20210430171555_500.jpg/melon/resize/120/quality/80/optimize,https://www.melon.com/album/detail.htm?albumId=10601149
85 위,팡파레,다비치,Season Note,https://cdnimg.melon.co.kr/cm2/album/images/109/55/743/10955743_20220516141152_500.jpg/melon/resize/120/quality/80/optimize,https://www.melon.com/album/detail.htm?albumId=10955743
86 위,봄날,방탄소년단,YOU NEVER WALK ALONE,https://cdnimg.melon.co.kr/cm/album/images/100/37/969/10037969_500.jpg/melon/resize/120/quality/80/optimize,https://www.melon.com/album/detail.htm?albumId=10037969
87 위,Blueming,아이유,Love poem,https://cdnimg.melon.co.kr/cm2/album/images/103/46/650/10346650_500.jpg/melon/resize/120/quality/80/optimize,https://www.melon.com/album/detail.htm?albumId=10346650
88 위,"사이렌 Remix (Feat. UNEDUCATED KID, Paul Blanco)",호미들,사이렌 Remix,https://cdnimg.melon.co.kr/cm2/album/images/105/80/227/10580227_20210319163608_500.jpg/melon/resize/120/quality/80/optimize,https://www.melon.com/album/detail.htm?albumId=10580227
89 위,"모든 날, 모든 순간 (Every day, Every Moment)",폴킴,'키스 먼저 할까요?' OST Part.3,https://cdnimg.melon.co.kr/cm/album/images/101/49/492/10149492_500.jpg/melon/resize/120/quality/80/optimize,https://www.melon.com/album/detail.htm?albumId=10149492
90 위,찰나가 영원이 될 때 (The Eternal Moment),마크툽 (MAKTUB),Red Moon : Beyond The Light,https://cdnimg.melon.co.kr/cm2/album/images/107/16/174/10716174_20210916153439_500.jpg/melon/resize/120/quality/80/optimize,https://www.melon.com/album/detail.htm?albumId=10716174
91 위,존재만으로,원슈타인,스물다섯 스물하나 OST Part 4,https://cdnimg.melon.co.kr/cm2/album/images/108/80/569/10880569_20220225143552_500.jpg/melon/resize/120/quality/80/optimize,https://www.melon.com/album/detail.htm?albumId=10880569
92 위,롤린 (Rollin'),브레이브걸스,Rollin',https://cdnimg.melon.co.kr/cm2/album/images/100/43/575/10043575_20210302112520_500.jpg/melon/resize/120/quality/80/optimize,https://www.melon.com/album/detail.htm?albumId=10043575
93 위,"Sorry, Heart",NCT DREAM,Beatbox - The 2nd Album Repackage,https://cdnimg.melon.co.kr/cm2/album/images/109/69/893/10969893_20220530105316_500.jpg/melon/resize/120/quality/80/optimize,https://www.melon.com/album/detail.htm?albumId=10969893
94 위,사랑인걸,한동근,사랑인걸,https://cdnimg.melon.co.kr/cm2/album/images/108/90/071/10890071_20220311145628_500.jpg/melon/resize/120/quality/80/optimize,https://www.melon.com/album/detail.htm?albumId=10890071
95 위,My Universe,Coldplay,My Universe,https://cdnimg.melon.co.kr/cm2/album/images/107/20/913/10720913_20210923173742_500.jpg/melon/resize/120/quality/80/optimize,https://www.melon.com/album/detail.htm?albumId=10720913
96 위,Dun Dun Dance,오마이걸 (OH MY GIRL),Dear OHMYGIRL,https://cdnimg.melon.co.kr/cm2/album/images/106/04/729/10604729_20210510143932_500.jpg/melon/resize/120/quality/80/optimize,https://www.melon.com/album/detail.htm?albumId=10604729
97 위,헤픈 우연,헤이즈 (Heize),HAPPEN,https://cdnimg.melon.co.kr/cm2/album/images/106/11/845/10611845_20210520170350_500.jpg/melon/resize/120/quality/80/optimize,https://www.melon.com/album/detail.htm?albumId=10611845
98 위,초대,멜로망스,초대,https://cdnimg.melon.co.kr/cm2/album/images/109/40/426/10940426_20220503100932_500.jpg/melon/resize/120/quality/80/optimize,https://www.melon.com/album/detail.htm?albumId=10940426
99 위,"어떻게 이별까지 사랑하겠어, 널 사랑하는 거지",AKMU (악뮤),항해,https://cdnimg.melon.co.kr/cm2/album/images/103/31/947/10331947_500.jpg/melon/resize/120/quality/80/optimize,https://www.melon.com/album/detail.htm?albumId=10331947
100 위,별 밤 (On the way),NCT DREAM,Beatbox - The 2nd Album Repackage,https://cdnimg.melon.co.kr/cm2/album/images/109/69/893/10969893_20220530105316_500.jpg/melon/resize/120/quality/80/optimize,https://www.melon.com/album/detail.htm?albumId=10969893
