제품명,링크,가격,평점,등록일,스펙
빙그레 참 붕어싸만코 150ml,http://prod.danawa.com/info/?pcode=5116952&keyword=%EC%95%84%EC%9D%B4%EC%8A%A4%ED%81%AC%EB%A6%BC&cate=16231183,"5,000원",4.7,2017.04.,아이스크림 / 샌드
hsOb8NAwYU,/ajax/productPot.ajax.php?key=hsOb8NAwYU,705035원,,,hsOb8NAwYU705035
롯데제과 아이스크림 골라담기,http://prod.danawa.com/info/?pcode=12063440&keyword=%EC%95%84%EC%9D%B4%EC%8A%A4%ED%81%AC%EB%A6%BC&cate=16231183,550원,4.5,2020.08.,아이스크림
롯데제과 조안나 바닐라 리치 900ml,http://prod.danawa.com/info/?pcode=11114871&keyword=%EC%95%84%EC%9D%B4%EC%8A%A4%ED%81%AC%EB%A6%BC&cate=16231183,"4,920원",4.5,2020.04.,"아이스크림 / 컵,파우치"
해태제과 아이스가이 피치 200ml,http://prod.danawa.com/info/?pcode=12348929&keyword=%EC%95%84%EC%9D%B4%EC%8A%A4%ED%81%AC%EB%A6%BC&cate=16231183,"1,500원",4.7,2015.11.,"아이스크림 / 컵,파우치"
빙그레 초코 붕어싸만코 150ml,http://prod.danawa.com/info/?pcode=10831977&keyword=%EC%95%84%EC%9D%B4%EC%8A%A4%ED%81%AC%EB%A6%BC&cate=16231183,880원,5.0,2020.03.,아이스크림 / 샌드
라벤다 파밀리아 딸기 아이스크림 10L,http://prod.danawa.com/info/?pcode=6144258&keyword=%EC%95%84%EC%9D%B4%EC%8A%A4%ED%81%AC%EB%A6%BC&cate=16231183,"20,590원",4.0,2018.05.,"아이스크림 / 컵,파우치 / 특징: 대용량,업소용"
롯데푸드 구구 크러스터 초코 660ml,http://prod.danawa.com/info/?pcode=5111653&keyword=%EC%95%84%EC%9D%B4%EC%8A%A4%ED%81%AC%EB%A6%BC&cate=16231183,"4,410원",4.7,2017.04.,"아이스크림 / 컵,파우치"
롯데제과 월드콘 바닐라 160ml,http://prod.danawa.com/info/?pcode=8699864&keyword=%EC%95%84%EC%9D%B4%EC%8A%A4%ED%81%AC%EB%A6%BC&cate=16231183,"1,000원",5.0,2019.07.,아이스크림 / 콘
롯데제과 조안나 딸기 5L,http://prod.danawa.com/info/?pcode=3030859&keyword=%EC%95%84%EC%9D%B4%EC%8A%A4%ED%81%AC%EB%A6%BC&cate=16231183,"15,500원",4.5,2015.03.,"아이스크림 / 컵,파우치 / 특징: 대용량,업소용"
아이스랜드 유지방 바닐라 아이스크림 5L,http://prod.danawa.com/info/?pcode=14268608&keyword=%EC%95%84%EC%9D%B4%EC%8A%A4%ED%81%AC%EB%A6%BC&cate=16231183,"17,210원",5.0,2021.05.,"아이스크림 / 컵,파우치 / 특징: 대용량,업소용"
파브리 요거트 젤라또 5L,http://prod.danawa.com/info/?pcode=8116492&keyword=%EC%95%84%EC%9D%B4%EC%8A%A4%ED%81%AC%EB%A6%BC&cate=16231183,"36,320원",4.6,2019.06.,"아이스크림 / 컵,파우치 / 특징: 대용량,업소용"
롯데제과 옥동자 70ml,http://prod.danawa.com/info/?pcode=5344819&keyword=%EC%95%84%EC%9D%B4%EC%8A%A4%ED%81%AC%EB%A6%BC&cate=16231183,550원,4.6,2017.07.,아이스크림 / 바(막대)
매일유업 상하목장 얼려먹는 아이스크림 망고 85ml,http://prod.danawa.com/info/?pcode=14228489&keyword=%EC%95%84%EC%9D%B4%EC%8A%A4%ED%81%AC%EB%A6%BC&cate=16231183,750원,4.9,2021.05.,"아이스크림 / 컵,파우치 / 아이스주스"
롯데제과 조안나 쿠앤크 깜뜨 900ml,http://prod.danawa.com/info/?pcode=14328980&keyword=%EC%95%84%EC%9D%B4%EC%8A%A4%ED%81%AC%EB%A6%BC&cate=16231183,"5,390원",4.9,2021.05.,"아이스크림 / 컵,파우치"
롯데푸드 스위트홈 딸기 5L,http://prod.danawa.com/info/?pcode=14271644&keyword=%EC%95%84%EC%9D%B4%EC%8A%A4%ED%81%AC%EB%A6%BC&cate=16231183,"14,500원",,2021.05.,"아이스크림 / 컵,파우치 / 특징: 대용량,업소용"
빙그레 생귤탱귤 감귤 70ml,http://prod.danawa.com/info/?pcode=8086363&keyword=%EC%95%84%EC%9D%B4%EC%8A%A4%ED%81%AC%EB%A6%BC&cate=16231183,"12,500원",5.0,2019.06.,아이스크림 / 바(막대)
롯데제과 설레임 커피쉐이크 160ml,http://prod.danawa.com/info/?pcode=8674376&keyword=%EC%95%84%EC%9D%B4%EC%8A%A4%ED%81%AC%EB%A6%BC&cate=16231183,890원,4.5,2019.07.,"아이스크림 / 컵,파우치"
빙그레 투게더 흑임자 710ml,http://prod.danawa.com/info/?pcode=10844286&keyword=%EC%95%84%EC%9D%B4%EC%8A%A4%ED%81%AC%EB%A6%BC&cate=16231183,"4,100원",4.6,2020.03.,"아이스크림 / 컵,파우치"
동학식품 미니멜츠 구슬아이스크림 소프트베리 50g,http://prod.danawa.com/info/?pcode=14450507&keyword=%EC%95%84%EC%9D%B4%EC%8A%A4%ED%81%AC%EB%A6%BC&cate=16231183,"17,930원",4.7,2021.06.,아이스크림 / 구슬
해태제과 누가바 70ml,http://prod.danawa.com/info/?pcode=6350099&keyword=%EC%95%84%EC%9D%B4%EC%8A%A4%ED%81%AC%EB%A6%BC&cate=16231183,550원,4.7,2018.07.,아이스크림 / 바(막대)
매일유업 상하목장 유기농 아이스크림 밀크 474ml,http://prod.danawa.com/info/?pcode=17020619&keyword=%EC%95%84%EC%9D%B4%EC%8A%A4%ED%81%AC%EB%A6%BC&cate=16231183,"13,090원",5.0,2022.05.,"아이스크림 / 컵,파우치"
롯데제과 설레임 밀크쉐이크 160ml,http://prod.danawa.com/info/?pcode=3571569&keyword=%EC%95%84%EC%9D%B4%EC%8A%A4%ED%81%AC%EB%A6%BC&cate=16231183,990원,4.7,2015.11.,"아이스크림 / 컵,파우치"
라벨리 쿠키앤크림 아이스크림 4L,http://prod.danawa.com/info/?pcode=5353149&keyword=%EC%95%84%EC%9D%B4%EC%8A%A4%ED%81%AC%EB%A6%BC&cate=16231183,"19,490원",4.6,2017.07.,"아이스크림 / 컵,파우치"
롯데푸드 구구미니 10개입 380ml,http://prod.danawa.com/info/?pcode=16936358&keyword=%EC%95%84%EC%9D%B4%EC%8A%A4%ED%81%AC%EB%A6%BC&cate=16231183,"4,990원",,2022.04.,"아이스크림 / 컵,파우치"
빙그레 졸음사냥 에너지드링크 140ml,http://prod.danawa.com/info/?pcode=14232476&keyword=%EC%95%84%EC%9D%B4%EC%8A%A4%ED%81%AC%EB%A6%BC&cate=16231183,"3,000원",4.2,2021.05.,"아이스크림 / 컵,파우치"
허쉬 아이스크림 골라담기,http://prod.danawa.com/info/?pcode=14611328&keyword=%EC%95%84%EC%9D%B4%EC%8A%A4%ED%81%AC%EB%A6%BC&cate=16231183,"16,520원",4.4,2021.06.,아이스크림
이마트 노브랜드 밀크 아이스크림 660ml,http://prod.danawa.com/info/?pcode=5104565&keyword=%EC%95%84%EC%9D%B4%EC%8A%A4%ED%81%AC%EB%A6%BC&cate=16231183,"4,170원",4.8,2017.04.,"아이스크림 / 컵,파우치"
롯데푸드 프라임 아이스크림 900ml,http://prod.danawa.com/info/?pcode=14337587&keyword=%EC%95%84%EC%9D%B4%EC%8A%A4%ED%81%AC%EB%A6%BC&cate=16231183,"4,900원",4.6,2021.06.,"아이스크림 / 컵,파우치"
빙그레 비비빅 8개입 560ml,http://prod.danawa.com/info/?pcode=11094582&keyword=%EC%95%84%EC%9D%B4%EC%8A%A4%ED%81%AC%EB%A6%BC&cate=16231183,"3,360원",4.9,2020.04.,아이스크림 / 바(막대)
하겐다즈 초콜릿 쿼터 아이스크림 946ml,http://prod.danawa.com/info/?pcode=4084846&keyword=%EC%95%84%EC%9D%B4%EC%8A%A4%ED%81%AC%EB%A6%BC&cate=16231183,"23,200원",4.7,2016.05.,"아이스크림 / 컵,파우치"
롯데제과 본젤라또 바닐라 5L,http://prod.danawa.com/info/?pcode=5121040&keyword=%EC%95%84%EC%9D%B4%EC%8A%A4%ED%81%AC%EB%A6%BC&cate=16231183,"36,000원",4.6,2017.04.,"아이스크림 / 컵,파우치 / 특징: 대용량,업소용"
아이푸드 서주 노릇노릇 군고구마바 75ml,http://prod.danawa.com/info/?pcode=14233361&keyword=%EC%95%84%EC%9D%B4%EC%8A%A4%ED%81%AC%EB%A6%BC&cate=16231183,"1,800원",,2020.07.,아이스크림 / 바(막대)
하겐다즈 벨지안 초콜릿 미니컵 아이스크림 100ml,http://prod.danawa.com/info/?pcode=7936372&keyword=%EC%95%84%EC%9D%B4%EC%8A%A4%ED%81%AC%EB%A6%BC&cate=16231183,"4,270원",5.0,2019.05.,"아이스크림 / 컵,파우치"
이마트 노브랜드 초코칩 아이스크림 660ml,http://prod.danawa.com/info/?pcode=5104532&keyword=%EC%95%84%EC%9D%B4%EC%8A%A4%ED%81%AC%EB%A6%BC&cate=16231183,"4,170원",4.9,2017.04.,"아이스크림 / 컵,파우치"
롯데푸드 라베스트 민트초코바 85ml,http://prod.danawa.com/info/?pcode=12023195&keyword=%EC%95%84%EC%9D%B4%EC%8A%A4%ED%81%AC%EB%A6%BC&cate=16231183,"18,450원",4.4,2020.08.,아이스크림 / 바(막대)
빙그레 쿠앤크 피스타치오 70ml,http://prod.danawa.com/info/?pcode=14231009&keyword=%EC%95%84%EC%9D%B4%EC%8A%A4%ED%81%AC%EB%A6%BC&cate=16231183,550원,5.0,2021.05.,아이스크림 / 바(막대)
롯데제과 말랑말랑한 찰떡아이스 90ml,http://prod.danawa.com/info/?pcode=16188806&keyword=%EC%95%84%EC%9D%B4%EC%8A%A4%ED%81%AC%EB%A6%BC&cate=16231183,"4,710원",4.9,2022.01.,"아이스크림 / 컵,파우치"
롯데제과 찰옥수수 140ml,http://prod.danawa.com/info/?pcode=5117030&keyword=%EC%95%84%EC%9D%B4%EC%8A%A4%ED%81%AC%EB%A6%BC&cate=16231183,880원,,2017.04.,아이스크림 / 샌드
나뚜루 피페리타 민트초코 파인트 474ml,http://prod.danawa.com/info/?pcode=14988131&keyword=%EC%95%84%EC%9D%B4%EC%8A%A4%ED%81%AC%EB%A6%BC&cate=16231183,"12,650원",5.0,2021.08.,"아이스크림 / 컵,파우치"
롯데제과 아몬드 빼빼로바 80ml,http://prod.danawa.com/info/?pcode=14076452&keyword=%EC%95%84%EC%9D%B4%EC%8A%A4%ED%81%AC%EB%A6%BC&cate=16231183,660원,,2021.05.,아이스크림 / 바(막대)
빙그레 참 붕어싸만코 150ml,http://prod.danawa.com/info/?pcode=5116952&keyword=%EC%95%84%EC%9D%B4%EC%8A%A4%ED%81%AC%EB%A6%BC&cate=16231183,"5,000원",4.7,2017.04.,아이스크림 / 샌드
hsOb8NAwYU,/ajax/productPot.ajax.php?key=hsOb8NAwYU,705035원,,,hsOb8NAwYU705035
롯데제과 아이스크림 골라담기,http://prod.danawa.com/info/?pcode=12063440&keyword=%EC%95%84%EC%9D%B4%EC%8A%A4%ED%81%AC%EB%A6%BC&cate=16231183,550원,4.5,2020.08.,아이스크림
롯데제과 조안나 바닐라 리치 900ml,http://prod.danawa.com/info/?pcode=11114871&keyword=%EC%95%84%EC%9D%B4%EC%8A%A4%ED%81%AC%EB%A6%BC&cate=16231183,"4,920원",4.5,2020.04.,"아이스크림 / 컵,파우치"
해태제과 아이스가이 피치 200ml,http://prod.danawa.com/info/?pcode=12348929&keyword=%EC%95%84%EC%9D%B4%EC%8A%A4%ED%81%AC%EB%A6%BC&cate=16231183,"1,500원",4.7,2015.11.,"아이스크림 / 컵,파우치"
빙그레 초코 붕어싸만코 150ml,http://prod.danawa.com/info/?pcode=10831977&keyword=%EC%95%84%EC%9D%B4%EC%8A%A4%ED%81%AC%EB%A6%BC&cate=16231183,880원,5.0,2020.03.,아이스크림 / 샌드
라벤다 파밀리아 딸기 아이스크림 10L,http://prod.danawa.com/info/?pcode=6144258&keyword=%EC%95%84%EC%9D%B4%EC%8A%A4%ED%81%AC%EB%A6%BC&cate=16231183,"20,590원",4.0,2018.05.,"아이스크림 / 컵,파우치 / 특징: 대용량,업소용"
롯데푸드 구구 크러스터 초코 660ml,http://prod.danawa.com/info/?pcode=5111653&keyword=%EC%95%84%EC%9D%B4%EC%8A%A4%ED%81%AC%EB%A6%BC&cate=16231183,"4,410원",4.7,2017.04.,"아이스크림 / 컵,파우치"
롯데제과 월드콘 바닐라 160ml,http://prod.danawa.com/info/?pcode=8699864&keyword=%EC%95%84%EC%9D%B4%EC%8A%A4%ED%81%AC%EB%A6%BC&cate=16231183,"1,000원",5.0,2019.07.,아이스크림 / 콘
롯데제과 조안나 딸기 5L,http://prod.danawa.com/info/?pcode=3030859&keyword=%EC%95%84%EC%9D%B4%EC%8A%A4%ED%81%AC%EB%A6%BC&cate=16231183,"15,500원",4.5,2015.03.,"아이스크림 / 컵,파우치 / 특징: 대용량,업소용"
아이스랜드 유지방 바닐라 아이스크림 5L,http://prod.danawa.com/info/?pcode=14268608&keyword=%EC%95%84%EC%9D%B4%EC%8A%A4%ED%81%AC%EB%A6%BC&cate=16231183,"17,210원",5.0,2021.05.,"아이스크림 / 컵,파우치 / 특징: 대용량,업소용"
파브리 요거트 젤라또 5L,http://prod.danawa.com/info/?pcode=8116492&keyword=%EC%95%84%EC%9D%B4%EC%8A%A4%ED%81%AC%EB%A6%BC&cate=16231183,"36,320원",4.6,2019.06.,"아이스크림 / 컵,파우치 / 특징: 대용량,업소용"
롯데제과 옥동자 70ml,http://prod.danawa.com/info/?pcode=5344819&keyword=%EC%95%84%EC%9D%B4%EC%8A%A4%ED%81%AC%EB%A6%BC&cate=16231183,550원,4.6,2017.07.,아이스크림 / 바(막대)
매일유업 상하목장 얼려먹는 아이스크림 망고 85ml,http://prod.danawa.com/info/?pcode=14228489&keyword=%EC%95%84%EC%9D%B4%EC%8A%A4%ED%81%AC%EB%A6%BC&cate=16231183,750원,4.9,2021.05.,"아이스크림 / 컵,파우치 / 아이스주스"
롯데제과 조안나 쿠앤크 깜뜨 900ml,http://prod.danawa.com/info/?pcode=14328980&keyword=%EC%95%84%EC%9D%B4%EC%8A%A4%ED%81%AC%EB%A6%BC&cate=16231183,"5,390원",4.9,2021.05.,"아이스크림 / 컵,파우치"
롯데푸드 스위트홈 딸기 5L,http://prod.danawa.com/info/?pcode=14271644&keyword=%EC%95%84%EC%9D%B4%EC%8A%A4%ED%81%AC%EB%A6%BC&cate=16231183,"14,500원",,2021.05.,"아이스크림 / 컵,파우치 / 특징: 대용량,업소용"
빙그레 생귤탱귤 감귤 70ml,http://prod.danawa.com/info/?pcode=8086363&keyword=%EC%95%84%EC%9D%B4%EC%8A%A4%ED%81%AC%EB%A6%BC&cate=16231183,"12,500원",5.0,2019.06.,아이스크림 / 바(막대)
롯데제과 설레임 커피쉐이크 160ml,http://prod.danawa.com/info/?pcode=8674376&keyword=%EC%95%84%EC%9D%B4%EC%8A%A4%ED%81%AC%EB%A6%BC&cate=16231183,890원,4.5,2019.07.,"아이스크림 / 컵,파우치"
빙그레 투게더 흑임자 710ml,http://prod.danawa.com/info/?pcode=10844286&keyword=%EC%95%84%EC%9D%B4%EC%8A%A4%ED%81%AC%EB%A6%BC&cate=16231183,"4,100원",4.6,2020.03.,"아이스크림 / 컵,파우치"
동학식품 미니멜츠 구슬아이스크림 소프트베리 50g,http://prod.danawa.com/info/?pcode=14450507&keyword=%EC%95%84%EC%9D%B4%EC%8A%A4%ED%81%AC%EB%A6%BC&cate=16231183,"17,930원",4.7,2021.06.,아이스크림 / 구슬
해태제과 누가바 70ml,http://prod.danawa.com/info/?pcode=6350099&keyword=%EC%95%84%EC%9D%B4%EC%8A%A4%ED%81%AC%EB%A6%BC&cate=16231183,550원,4.7,2018.07.,아이스크림 / 바(막대)
매일유업 상하목장 유기농 아이스크림 밀크 474ml,http://prod.danawa.com/info/?pcode=17020619&keyword=%EC%95%84%EC%9D%B4%EC%8A%A4%ED%81%AC%EB%A6%BC&cate=16231183,"13,090원",5.0,2022.05.,"아이스크림 / 컵,파우치"
롯데제과 설레임 밀크쉐이크 160ml,http://prod.danawa.com/info/?pcode=3571569&keyword=%EC%95%84%EC%9D%B4%EC%8A%A4%ED%81%AC%EB%A6%BC&cate=16231183,990원,4.7,2015.11.,"아이스크림 / 컵,파우치"
라벨리 쿠키앤크림 아이스크림 4L,http://prod.danawa.com/info/?pcode=5353149&keyword=%EC%95%84%EC%9D%B4%EC%8A%A4%ED%81%AC%EB%A6%BC&cate=16231183,"19,490원",4.6,2017.07.,"아이스크림 / 컵,파우치"
롯데푸드 구구미니 10개입 380ml,http://prod.danawa.com/info/?pcode=16936358&keyword=%EC%95%84%EC%9D%B4%EC%8A%A4%ED%81%AC%EB%A6%BC&cate=16231183,"4,990원",,2022.04.,"아이스크림 / 컵,파우치"
빙그레 졸음사냥 에너지드링크 140ml,http://prod.danawa.com/info/?pcode=14232476&keyword=%EC%95%84%EC%9D%B4%EC%8A%A4%ED%81%AC%EB%A6%BC&cate=16231183,"3,000원",4.2,2021.05.,"아이스크림 / 컵,파우치"
허쉬 아이스크림 골라담기,http://prod.danawa.com/info/?pcode=14611328&keyword=%EC%95%84%EC%9D%B4%EC%8A%A4%ED%81%AC%EB%A6%BC&cate=16231183,"16,520원",4.4,2021.06.,아이스크림
이마트 노브랜드 밀크 아이스크림 660ml,http://prod.danawa.com/info/?pcode=5104565&keyword=%EC%95%84%EC%9D%B4%EC%8A%A4%ED%81%AC%EB%A6%BC&cate=16231183,"4,170원",4.8,2017.04.,"아이스크림 / 컵,파우치"
롯데푸드 프라임 아이스크림 900ml,http://prod.danawa.com/info/?pcode=14337587&keyword=%EC%95%84%EC%9D%B4%EC%8A%A4%ED%81%AC%EB%A6%BC&cate=16231183,"4,900원",4.6,2021.06.,"아이스크림 / 컵,파우치"
빙그레 비비빅 8개입 560ml,http://prod.danawa.com/info/?pcode=11094582&keyword=%EC%95%84%EC%9D%B4%EC%8A%A4%ED%81%AC%EB%A6%BC&cate=16231183,"3,360원",4.9,2020.04.,아이스크림 / 바(막대)
하겐다즈 초콜릿 쿼터 아이스크림 946ml,http://prod.danawa.com/info/?pcode=4084846&keyword=%EC%95%84%EC%9D%B4%EC%8A%A4%ED%81%AC%EB%A6%BC&cate=16231183,"23,200원",4.7,2016.05.,"아이스크림 / 컵,파우치"
롯데제과 본젤라또 바닐라 5L,http://prod.danawa.com/info/?pcode=5121040&keyword=%EC%95%84%EC%9D%B4%EC%8A%A4%ED%81%AC%EB%A6%BC&cate=16231183,"36,000원",4.6,2017.04.,"아이스크림 / 컵,파우치 / 특징: 대용량,업소용"
아이푸드 서주 노릇노릇 군고구마바 75ml,http://prod.danawa.com/info/?pcode=14233361&keyword=%EC%95%84%EC%9D%B4%EC%8A%A4%ED%81%AC%EB%A6%BC&cate=16231183,"1,800원",,2020.07.,아이스크림 / 바(막대)
하겐다즈 벨지안 초콜릿 미니컵 아이스크림 100ml,http://prod.danawa.com/info/?pcode=7936372&keyword=%EC%95%84%EC%9D%B4%EC%8A%A4%ED%81%AC%EB%A6%BC&cate=16231183,"4,270원",5.0,2019.05.,"아이스크림 / 컵,파우치"
이마트 노브랜드 초코칩 아이스크림 660ml,http://prod.danawa.com/info/?pcode=5104532&keyword=%EC%95%84%EC%9D%B4%EC%8A%A4%ED%81%AC%EB%A6%BC&cate=16231183,"4,170원",4.9,2017.04.,"아이스크림 / 컵,파우치"
롯데푸드 라베스트 민트초코바 85ml,http://prod.danawa.com/info/?pcode=12023195&keyword=%EC%95%84%EC%9D%B4%EC%8A%A4%ED%81%AC%EB%A6%BC&cate=16231183,"18,450원",4.4,2020.08.,아이스크림 / 바(막대)
빙그레 쿠앤크 피스타치오 70ml,http://prod.danawa.com/info/?pcode=14231009&keyword=%EC%95%84%EC%9D%B4%EC%8A%A4%ED%81%AC%EB%A6%BC&cate=16231183,550원,5.0,2021.05.,아이스크림 / 바(막대)
롯데제과 말랑말랑한 찰떡아이스 90ml,http://prod.danawa.com/info/?pcode=16188806&keyword=%EC%95%84%EC%9D%B4%EC%8A%A4%ED%81%AC%EB%A6%BC&cate=16231183,"4,710원",4.9,2022.01.,"아이스크림 / 컵,파우치"
롯데제과 찰옥수수 140ml,http://prod.danawa.com/info/?pcode=5117030&keyword=%EC%95%84%EC%9D%B4%EC%8A%A4%ED%81%AC%EB%A6%BC&cate=16231183,880원,,2017.04.,아이스크림 / 샌드
나뚜루 피페리타 민트초코 파인트 474ml,http://prod.danawa.com/info/?pcode=14988131&keyword=%EC%95%84%EC%9D%B4%EC%8A%A4%ED%81%AC%EB%A6%BC&cate=16231183,"12,650원",5.0,2021.08.,"아이스크림 / 컵,파우치"
롯데제과 아몬드 빼빼로바 80ml,http://prod.danawa.com/info/?pcode=14076452&keyword=%EC%95%84%EC%9D%B4%EC%8A%A4%ED%81%AC%EB%A6%BC&cate=16231183,660원,,2021.05.,아이스크림 / 바(막대)
디핀다트 구슬아이스크림 딸기 50ml,http://prod.danawa.com/info/?pcode=5220788&keyword=%EC%95%84%EC%9D%B4%EC%8A%A4%ED%81%AC%EB%A6%BC&cate=16231183,"17,320원",4.5,2017.06.,아이스크림 / 구슬
롯데제과 본젤라또 비스킷 앤 바닐라 카라멜바 100ml,http://prod.danawa.com/info/?pcode=17008763&keyword=%EC%95%84%EC%9D%B4%EC%8A%A4%ED%81%AC%EB%A6%BC&cate=16231183,"1,900원",,2022.05.,아이스크림 / 바(막대)
하겐다즈 망고 소르베 파인트 아이스크림 473ml,http://prod.danawa.com/info/?pcode=4085044&keyword=%EC%95%84%EC%9D%B4%EC%8A%A4%ED%81%AC%EB%A6%BC&cate=16231183,"10,700원",4.7,2016.05.,"아이스크림 / 컵,파우치"
롯데푸드 스노블 롯데 아이스믹스 초코 1L,http://prod.danawa.com/info/?pcode=16990649&keyword=%EC%95%84%EC%9D%B4%EC%8A%A4%ED%81%AC%EB%A6%BC&cate=16231183,"2,450원",5.0,2022.05.,아이스크림 믹스
OVAvbv2AgQ,/ajax/productPot.ajax.php?key=OVAvbv2AgQ,423875원,,,OVAvbv2AgQ423875
해태제과 모히또바 63ml,http://prod.danawa.com/info/?pcode=5223596&keyword=%EC%95%84%EC%9D%B4%EC%8A%A4%ED%81%AC%EB%A6%BC&cate=16231183,"2,750원",4.0,2017.06.,아이스크림 / 바(막대)
나뚜루 프렌치 아포가또 파인트 474ml,http://prod.danawa.com/info/?pcode=7932952&keyword=%EC%95%84%EC%9D%B4%EC%8A%A4%ED%81%AC%EB%A6%BC&cate=16231183,"9,030원",5.0,2019.05.,"아이스크림 / 컵,파우치"
아이스랜드 유지방 게르만초콜렛 아이스크림 5L,http://prod.danawa.com/info/?pcode=14268920&keyword=%EC%95%84%EC%9D%B4%EC%8A%A4%ED%81%AC%EB%A6%BC&cate=16231183,"17,210원",,2021.05.,"아이스크림 / 컵,파우치 / 특징: 대용량,업소용"
나뚜루 글라세 다쿠아즈 3종 420ml,http://prod.danawa.com/info/?pcode=14042234&keyword=%EC%95%84%EC%9D%B4%EC%8A%A4%ED%81%AC%EB%A6%BC&cate=16231183,"12,530원",4.0,2021.04.,아이스크림 / 샌드 / 구성: 글라세 다쿠아즈 초콜릿 140ml + 글라세 다쿠아즈 그린티 140ml + 글라세 다쿠아즈 딸기 140ml
롯데푸드 스위트홈 초코 5L,http://prod.danawa.com/info/?pcode=14271605&keyword=%EC%95%84%EC%9D%B4%EC%8A%A4%ED%81%AC%EB%A6%BC&cate=16231183,"14,500원",,2021.05.,"아이스크림 / 컵,파우치 / 특징: 대용량,업소용"
하겐다즈 칸탈로프 멜론 미니컵 아이스크림 100ml,http://prod.danawa.com/info/?pcode=11399850&keyword=%EC%95%84%EC%9D%B4%EC%8A%A4%ED%81%AC%EB%A6%BC&cate=16231183,"4,610원",4.0,2020.05.,"아이스크림 / 컵,파우치"
서울우유 흰우유 아이스크림 474ml,http://prod.danawa.com/info/?pcode=12571499&keyword=%EC%95%84%EC%9D%B4%EC%8A%A4%ED%81%AC%EB%A6%BC&cate=16231183,"6,520원",4.8,2020.10.,"아이스크림 / 컵,파우치"
롯데푸드 빽다방 밀크 아이스크림 474ml,http://prod.danawa.com/info/?pcode=11094063&keyword=%EC%95%84%EC%9D%B4%EC%8A%A4%ED%81%AC%EB%A6%BC&cate=16231183,"2,450원",4.5,2020.04.,"아이스크림 / 컵,파우치 / 1회 제공량 100ml당 열량: 130kcal / 나트륨: 40mg / 탄수화물: 18g / 당류: 15g / 지방: 5g / 트랜스지방: 0.5g / 포화지방: 3.4g / 콜레스테롤: 15mg / 단백질: 2g"
빙그레 엑설런트 클래식 800ml,http://prod.danawa.com/info/?pcode=14499881&keyword=%EC%95%84%EC%9D%B4%EC%8A%A4%ED%81%AC%EB%A6%BC&cate=16231183,"5,330원",4.7,2017.04.,"아이스크림 / 컵,파우치"
나뚜루 바닐라 파인트 474ml,http://prod.danawa.com/info/?pcode=16865033&keyword=%EC%95%84%EC%9D%B4%EC%8A%A4%ED%81%AC%EB%A6%BC&cate=16231183,"7,480원",,2017.04.,"아이스크림 / 컵,파우치"
빙그레 빵또아 레드벨벳 180ml,http://prod.danawa.com/info/?pcode=10832808&keyword=%EC%95%84%EC%9D%B4%EC%8A%A4%ED%81%AC%EB%A6%BC&cate=16231183,"2,600원",4.6,2020.03.,아이스크림 / 샌드
롯데푸드 초코퍼지 크런치바 70ml,http://prod.danawa.com/info/?pcode=14549273&keyword=%EC%95%84%EC%9D%B4%EC%8A%A4%ED%81%AC%EB%A6%BC&cate=16231183,550원,4.5,2021.06.,아이스크림 / 바(막대)
롯데제과 월드콘 마다가스카르 바닐라 160ml,http://prod.danawa.com/info/?pcode=8100496&keyword=%EC%95%84%EC%9D%B4%EC%8A%A4%ED%81%AC%EB%A6%BC&cate=16231183,"4,710원",4.5,2019.06.,아이스크림 / 콘
동학식품 미니멜츠 미니멜츠빅 샤인머스켓 앤 소다향 아이스 70ml,http://prod.danawa.com/info/?pcode=14454290&keyword=%EC%95%84%EC%9D%B4%EC%8A%A4%ED%81%AC%EB%A6%BC&cate=16231183,"2,000원",5.0,2021.06.,아이스크림 / 구슬
아이스랜드 유지방 망고 아이스크림 5L,http://prod.danawa.com/info/?pcode=14268557&keyword=%EC%95%84%EC%9D%B4%EC%8A%A4%ED%81%AC%EB%A6%BC&cate=16231183,"17,210원",,2021.05.,"아이스크림 / 컵,파우치 / 특징: 대용량,업소용"
매일유업 상하목장 소프트믹스 OM10 1L,http://prod.danawa.com/info/?pcode=14351786&keyword=%EC%95%84%EC%9D%B4%EC%8A%A4%ED%81%AC%EB%A6%BC&cate=16231183,일시품절,4.7,2021.06.,아이스크림 믹스
라벨리 초코플레이크 아이스크림 4L,http://prod.danawa.com/info/?pcode=10722114&keyword=%EC%95%84%EC%9D%B4%EC%8A%A4%ED%81%AC%EB%A6%BC&cate=16231183,"19,490원",,2020.03.,"아이스크림 / 컵,파우치"
롯데제과 조안나바 12개입 396ml,http://prod.danawa.com/info/?pcode=16171130&keyword=%EC%95%84%EC%9D%B4%EC%8A%A4%ED%81%AC%EB%A6%BC&cate=16231183,"4,980원",,2022.01.,아이스크림 / 바(막대)
매일유업 상하목장 얼려먹는 아이스크림 초코 85ml,http://prod.danawa.com/info/?pcode=16547900&keyword=%EC%95%84%EC%9D%B4%EC%8A%A4%ED%81%AC%EB%A6%BC&cate=16231183,"4,460원",,2022.03.,"아이스크림 / 컵,파우치 / 아이스주스"
빙그레 빵또아 슈팅스타 180ml,http://prod.danawa.com/info/?pcode=16856078&keyword=%EC%95%84%EC%9D%B4%EC%8A%A4%ED%81%AC%EB%A6%BC&cate=16231183,일시품절,4.1,2022.04.,아이스크림 / 샌드
롯데제과 칙촉이 퐁당 위즐 660ml,http://prod.danawa.com/info/?pcode=14481110&keyword=%EC%95%84%EC%9D%B4%EC%8A%A4%ED%81%AC%EB%A6%BC&cate=16231183,"3,920원",3.8,2020.05.,"아이스크림 / 컵,파우치"
빙그레 메로나 75ml,http://prod.danawa.com/info/?pcode=6072666&keyword=%EC%95%84%EC%9D%B4%EC%8A%A4%ED%81%AC%EB%A6%BC&cate=16231183,440원,5.0,2015.11.,아이스크림 / 바(막대) / 용량 리뉴얼로 판매자의 재고 상황에 따라 75ml or 80ml 상품이 배송될 수 있습니다.
롯데제과 티코 다크초코 15개입 510ml,http://prod.danawa.com/info/?pcode=16168502&keyword=%EC%95%84%EC%9D%B4%EC%8A%A4%ED%81%AC%EB%A6%BC&cate=16231183,"4,980원",4.6,2017.07.,"아이스크림 / 컵,파우치"
동학식품 미니멜츠 구슬아이스크림 쵸코 바닐라 50g,http://prod.danawa.com/info/?pcode=14448842&keyword=%EC%95%84%EC%9D%B4%EC%8A%A4%ED%81%AC%EB%A6%BC&cate=16231183,"2,000원",,2020.03.,아이스크림 / 구슬
롯데제과 빙빙바 75ml,http://prod.danawa.com/info/?pcode=5344920&keyword=%EC%95%84%EC%9D%B4%EC%8A%A4%ED%81%AC%EB%A6%BC&cate=16231183,"2,590원",4.5,2017.07.,아이스크림 / 바(막대)
나뚜루 녹차 파인트 474ml,http://prod.danawa.com/info/?pcode=7946398&keyword=%EC%95%84%EC%9D%B4%EC%8A%A4%ED%81%AC%EB%A6%BC&cate=16231183,"7,740원",4.6,2019.05.,"아이스크림 / 컵,파우치"
해태제과 녹차마루 홈 600ml,http://prod.danawa.com/info/?pcode=11113839&keyword=%EC%95%84%EC%9D%B4%EC%8A%A4%ED%81%AC%EB%A6%BC&cate=16231183,"12,790원",,2020.04.,"아이스크림 / 컵,파우치"
롯데푸드 돼지바 70ml,http://prod.danawa.com/info/?pcode=5349041&keyword=%EC%95%84%EC%9D%B4%EC%8A%A4%ED%81%AC%EB%A6%BC&cate=16231183,550원,4.9,2017.07.,아이스크림 / 바(막대)
빙그레 요맘때 딸기바 70ml,http://prod.danawa.com/info/?pcode=5119924&keyword=%EC%95%84%EC%9D%B4%EC%8A%A4%ED%81%AC%EB%A6%BC&cate=16231183,"2,750원",4.6,2017.04.,아이스크림 / 바(막대)
롯데제과 본젤라또 녹차 초코바 80ml,http://prod.danawa.com/info/?pcode=9554052&keyword=%EC%95%84%EC%9D%B4%EC%8A%A4%ED%81%AC%EB%A6%BC&cate=16231183,660원,5.0,2019.09.,아이스크림 / 바(막대)
롯데제과 초키초키 130ml,http://prod.danawa.com/info/?pcode=8707760&keyword=%EC%95%84%EC%9D%B4%EC%8A%A4%ED%81%AC%EB%A6%BC&cate=16231183,"19,410원",4.5,2019.07.,아이스크림 / 튜브(쭈쭈바)
롯데제과 티코 딸기 15개입 510ml,http://prod.danawa.com/info/?pcode=16169318&keyword=%EC%95%84%EC%9D%B4%EC%8A%A4%ED%81%AC%EB%A6%BC&cate=16231183,"4,850원",5.0,2022.01.,"아이스크림 / 컵,파우치"
빙그레 투게더 프럴린아몬드홈 710ml,http://prod.danawa.com/info/?pcode=14246696&keyword=%EC%95%84%EC%9D%B4%EC%8A%A4%ED%81%AC%EB%A6%BC&cate=16231183,"4,150원",4.4,2021.05.,"아이스크림 / 컵,파우치"
빙그레 끌레도르 초코프레첼 브라우니 파인트 474ml,http://prod.danawa.com/info/?pcode=12002726&keyword=%EC%95%84%EC%9D%B4%EC%8A%A4%ED%81%AC%EB%A6%BC&cate=16231183,"4,900원",5.0,2020.08.,"아이스크림 / 컵,파우치"
해태제과 호두마루 63ml,http://prod.danawa.com/info/?pcode=5117470&keyword=%EC%95%84%EC%9D%B4%EC%8A%A4%ED%81%AC%EB%A6%BC&cate=16231183,550원,4.6,2017.04.,아이스크림 / 바(막대)
설빙 파인트아이스크림 인절미 474ml,http://prod.danawa.com/info/?pcode=17028092&keyword=%EC%95%84%EC%9D%B4%EC%8A%A4%ED%81%AC%EB%A6%BC&cate=16231183,"3,530원",4.6,2022.05.,"아이스크림 / 컵,파우치"
파브리 페스카란차 젤라또 5L,http://prod.danawa.com/info/?pcode=8116960&keyword=%EC%95%84%EC%9D%B4%EC%8A%A4%ED%81%AC%EB%A6%BC&cate=16231183,"36,320원",4.6,2019.06.,"아이스크림 / 컵,파우치 / 특징: 대용량,업소용"
롯데제과 본젤라또 베리 딸기바 80ml,http://prod.danawa.com/info/?pcode=8093122&keyword=%EC%95%84%EC%9D%B4%EC%8A%A4%ED%81%AC%EB%A6%BC&cate=16231183,660원,4.8,2019.06.,아이스크림 / 바(막대)
롯데푸드 빠삐코 딸기 130ml,http://prod.danawa.com/info/?pcode=14098271&keyword=%EC%95%84%EC%9D%B4%EC%8A%A4%ED%81%AC%EB%A6%BC&cate=16231183,500원,4.4,2021.03.,아이스크림 / 튜브(쭈쭈바)
rCZjcEtOOq,/ajax/productPot.ajax.php?key=rCZjcEtOOq,725937원,,,rCZjcEtOOq725937
하겐다즈 스트로베리 쿼터 아이스크림 946ml,http://prod.danawa.com/info/?pcode=4058133&keyword=%EC%95%84%EC%9D%B4%EC%8A%A4%ED%81%AC%EB%A6%BC&cate=16231183,"23,200원",4.7,2016.05.,"아이스크림 / 컵,파우치"
아이스랜드 유지방 피스타치오 아이스크림 5L,http://prod.danawa.com/info/?pcode=14268656&keyword=%EC%95%84%EC%9D%B4%EC%8A%A4%ED%81%AC%EB%A6%BC&cate=16231183,"17,210원",,2021.05.,"아이스크림 / 컵,파우치 / 특징: 대용량,업소용"
롯데제과 옥동자 딸기 70ml,http://prod.danawa.com/info/?pcode=5117911&keyword=%EC%95%84%EC%9D%B4%EC%8A%A4%ED%81%AC%EB%A6%BC&cate=16231183,500원,4.6,2017.04.,아이스크림 / 바(막대)
나뚜루 스트로베리 파인트 474ml,http://prod.danawa.com/info/?pcode=5104511&keyword=%EC%95%84%EC%9D%B4%EC%8A%A4%ED%81%AC%EB%A6%BC&cate=16231183,"5,900원",4.9,2017.04.,"아이스크림 / 컵,파우치"
파브리 민트초코 젤라또 7L,http://prod.danawa.com/info/?pcode=8116666&keyword=%EC%95%84%EC%9D%B4%EC%8A%A4%ED%81%AC%EB%A6%BC&cate=16231183,"55,620원",4.7,2019.06.,"아이스크림 / 컵,파우치 / 특징: 대용량,업소용"
롯데제과 고드름 레몬라임 200ml,http://prod.danawa.com/info/?pcode=14229911&keyword=%EC%95%84%EC%9D%B4%EC%8A%A4%ED%81%AC%EB%A6%BC&cate=16231183,"1,380원",4.6,2021.05.,"아이스크림 / 컵,파우치"
빙그레 요맘때 그릭콘 플레인 150ml,http://prod.danawa.com/info/?pcode=8103514&keyword=%EC%95%84%EC%9D%B4%EC%8A%A4%ED%81%AC%EB%A6%BC&cate=16231183,"2,570원",,2019.06.,아이스크림 / 콘
빙그레 끌레도르 크림치즈 바 90ml,http://prod.danawa.com/info/?pcode=12007055&keyword=%EC%95%84%EC%9D%B4%EC%8A%A4%ED%81%AC%EB%A6%BC&cate=16231183,"21,010원",4.0,2018.03.,아이스크림 / 바(막대)
롯데푸드 구구바 85ml,http://prod.danawa.com/info/?pcode=7927366&keyword=%EC%95%84%EC%9D%B4%EC%8A%A4%ED%81%AC%EB%A6%BC&cate=16231183,"25,900원",4.0,2019.05.,아이스크림 / 바(막대)
롯데푸드 스노블 롯데 아이스 믹스 바닐라 1L,http://prod.danawa.com/info/?pcode=5127420&keyword=%EC%95%84%EC%9D%B4%EC%8A%A4%ED%81%AC%EB%A6%BC&cate=16231183,"2,160원",4.7,2017.05.,아이스크림 믹스
빙그레 올때 메로나 튜브 130ml,http://prod.danawa.com/info/?pcode=7926295&keyword=%EC%95%84%EC%9D%B4%EC%8A%A4%ED%81%AC%EB%A6%BC&cate=16231183,"16,480원",4.7,2019.05.,아이스크림 / 튜브(쭈쭈바)
빙그레 쿠앤크 70ml,http://prod.danawa.com/info/?pcode=11117526&keyword=%EC%95%84%EC%9D%B4%EC%8A%A4%ED%81%AC%EB%A6%BC&cate=16231183,550원,4.3,2020.04.,아이스크림 / 바(막대)
해태제과 인절미 시모나 120ml,http://prod.danawa.com/info/?pcode=8094727&keyword=%EC%95%84%EC%9D%B4%EC%8A%A4%ED%81%AC%EB%A6%BC&cate=16231183,"2,590원",,2019.06.,아이스크림 / 샌드
빙그레 더위사냥 커피 140ml,http://prod.danawa.com/info/?pcode=5120470&keyword=%EC%95%84%EC%9D%B4%EC%8A%A4%ED%81%AC%EB%A6%BC&cate=16231183,"2,980원",4.7,2017.04.,"아이스크림 / 컵,파우치"
해태제과 폴라포 스포츠 120ml,http://prod.danawa.com/info/?pcode=11107899&keyword=%EC%95%84%EC%9D%B4%EC%8A%A4%ED%81%AC%EB%A6%BC&cate=16231183,660원,4.8,2020.04.,"아이스크림 / 컵,파우치"
설빙 구슬아이스크림 초코 70ml,http://prod.danawa.com/info/?pcode=17028785&keyword=%EC%95%84%EC%9D%B4%EC%8A%A4%ED%81%AC%EB%A6%BC&cate=16231183,"17,500원",5.0,2022.05.,아이스크림 / 구슬
해태제과 폴라포 포도 120ml,http://prod.danawa.com/info/?pcode=5119762&keyword=%EC%95%84%EC%9D%B4%EC%8A%A4%ED%81%AC%EB%A6%BC&cate=16231183,일시품절,5.0,2017.04.,"아이스크림 / 컵,파우치"
롯데제과 죠스바 75ml,http://prod.danawa.com/info/?pcode=5223220&keyword=%EC%95%84%EC%9D%B4%EC%8A%A4%ED%81%AC%EB%A6%BC&cate=16231183,550원,4.7,2017.06.,아이스크림 / 바(막대)
롯데제과 미니멜츠빅 스크류 아이스 62g,http://prod.danawa.com/info/?pcode=10848294&keyword=%EC%95%84%EC%9D%B4%EC%8A%A4%ED%81%AC%EB%A6%BC&cate=16231183,"2,000원",5.0,2020.03.,아이스크림 / 구슬
빙그레 메로나 망고 75ml,http://prod.danawa.com/info/?pcode=7917520&keyword=%EC%95%84%EC%9D%B4%EC%8A%A4%ED%81%AC%EB%A6%BC&cate=16231183,"2,200원",4.8,2019.05.,아이스크림 / 바(막대)
롯데푸드 돼지바 핑크 70ml,http://prod.danawa.com/info/?pcode=14077592&keyword=%EC%95%84%EC%9D%B4%EC%8A%A4%ED%81%AC%EB%A6%BC&cate=16231183,500원,4.6,2021.03.,아이스크림 / 바(막대)
빙그레 비비빅 흑임자 70ml,http://prod.danawa.com/info/?pcode=13713983&keyword=%EC%95%84%EC%9D%B4%EC%8A%A4%ED%81%AC%EB%A6%BC&cate=16231183,660원,4.7,2021.03.,아이스크림 / 바(막대)
롯데제과 메가톤바 70ml,http://prod.danawa.com/info/?pcode=5117429&keyword=%EC%95%84%EC%9D%B4%EC%8A%A4%ED%81%AC%EB%A6%BC&cate=16231183,550원,4.5,2017.04.,아이스크림 / 바(막대)
롯데제과 누크바 70ml,http://prod.danawa.com/info/?pcode=10843044&keyword=%EC%95%84%EC%9D%B4%EC%8A%A4%ED%81%AC%EB%A6%BC&cate=16231183,550원,5.0,2020.03.,아이스크림 / 바(막대)
해태제과 쌍쌍바 67ml,http://prod.danawa.com/info/?pcode=5119886&keyword=%EC%95%84%EC%9D%B4%EC%8A%A4%ED%81%AC%EB%A6%BC&cate=16231183,550원,4.8,2017.04.,아이스크림 / 바(막대)
하겐다즈 피넛버터 크런치 파인트 아이스크림 473ml,http://prod.danawa.com/info/?pcode=7938022&keyword=%EC%95%84%EC%9D%B4%EC%8A%A4%ED%81%AC%EB%A6%BC&cate=16231183,"8,100원",4.9,2019.05.,"아이스크림 / 컵,파우치"
롯데푸드 빵빠레 샌드 초코 180ml,http://prod.danawa.com/info/?pcode=14337563&keyword=%EC%95%84%EC%9D%B4%EC%8A%A4%ED%81%AC%EB%A6%BC&cate=16231183,"1,000원",4.0,2021.06.,아이스크림 / 샌드
롯데푸드 거북알 120ml,http://prod.danawa.com/info/?pcode=5120075&keyword=%EC%95%84%EC%9D%B4%EC%8A%A4%ED%81%AC%EB%A6%BC&cate=16231183,660원,4.8,2017.04.,아이스크림 / 튜브(쭈쭈바)
SPC 배스킨라빈스 프로바이오틱스 체리쥬빌레 474ml,http://prod.danawa.com/info/?pcode=16471448&keyword=%EC%95%84%EC%9D%B4%EC%8A%A4%ED%81%AC%EB%A6%BC&cate=16231183,"7,740원",,2022.02.,"아이스크림 / 컵,파우치"
설빙 파인트아이스크림 우유 474ml,http://prod.danawa.com/info/?pcode=17027348&keyword=%EC%95%84%EC%9D%B4%EC%8A%A4%ED%81%AC%EB%A6%BC&cate=16231183,"6,910원",4.5,2022.05.,"아이스크림 / 컵,파우치"
롯데제과 월드콘 초코 160ml,http://prod.danawa.com/info/?pcode=14214197&keyword=%EC%95%84%EC%9D%B4%EC%8A%A4%ED%81%AC%EB%A6%BC&cate=16231183,"13,900원",4.5,2021.05.,아이스크림 / 콘
빙그레 메로나 바나나 75ml,http://prod.danawa.com/info/?pcode=5342757&keyword=%EC%95%84%EC%9D%B4%EC%8A%A4%ED%81%AC%EB%A6%BC&cate=16231183,440원,4.7,2017.07.,아이스크림 / 바(막대)
해태제과 탱크보이 120ml,http://prod.danawa.com/info/?pcode=8142346&keyword=%EC%95%84%EC%9D%B4%EC%8A%A4%ED%81%AC%EB%A6%BC&cate=16231183,660원,4.7,2019.06.,아이스크림 / 튜브(쭈쭈바)
빙그레 멘붕어싸만코 150ml,http://prod.danawa.com/info/?pcode=14230613&keyword=%EC%95%84%EC%9D%B4%EC%8A%A4%ED%81%AC%EB%A6%BC&cate=16231183,"29,210원",,2021.05.,아이스크림 / 샌드
하겐다즈 바닐라 쿼터 아이스크림 946ml,http://prod.danawa.com/info/?pcode=4058091&keyword=%EC%95%84%EC%9D%B4%EC%8A%A4%ED%81%AC%EB%A6%BC&cate=16231183,"23,190원",4.7,2016.05.,"아이스크림 / 컵,파우치"
롯데푸드 델몬트 샤인머스켓 청포도 75ml,http://prod.danawa.com/info/?pcode=11869405&keyword=%EC%95%84%EC%9D%B4%EC%8A%A4%ED%81%AC%EB%A6%BC&cate=16231183,550원,4.9,2020.07.,아이스크림 / 바(막대)
롯데제과 찰떡아이스 초코앤초코 90ml,http://prod.danawa.com/info/?pcode=17023019&keyword=%EC%95%84%EC%9D%B4%EC%8A%A4%ED%81%AC%EB%A6%BC&cate=16231183,"1,000원",4.7,2022.05.,"아이스크림 / 컵,파우치"
서강유업 아이스크림분말 밀크 1kg,http://prod.danawa.com/info/?pcode=14419985&keyword=%EC%95%84%EC%9D%B4%EC%8A%A4%ED%81%AC%EB%A6%BC&cate=16231183,"5,160원",5.0,2021.06.,아이스크림 믹스
롯데푸드 돼지바 블랙 70ml,http://prod.danawa.com/info/?pcode=10933557&keyword=%EC%95%84%EC%9D%B4%EC%8A%A4%ED%81%AC%EB%A6%BC&cate=16231183,550원,4.7,2020.03.,아이스크림 / 바(막대)
동학식품 미니멜츠 미니멜츠빅 초코볼 아이스 70ml,http://prod.danawa.com/info/?pcode=10848810&keyword=%EC%95%84%EC%9D%B4%EC%8A%A4%ED%81%AC%EB%A6%BC&cate=16231183,"2,000원",5.0,2020.03.,아이스크림 / 구슬
롯데푸드 아맛나 70ml,http://prod.danawa.com/info/?pcode=5121347&keyword=%EC%95%84%EC%9D%B4%EC%8A%A4%ED%81%AC%EB%A6%BC&cate=16231183,550원,4.5,2017.04.,아이스크림 / 바(막대)
롯데제과 말랑말랑한 찰떡아이스 쿠키앤크림 90ml,http://prod.danawa.com/info/?pcode=11085147&keyword=%EC%95%84%EC%9D%B4%EC%8A%A4%ED%81%AC%EB%A6%BC&cate=16231183,"15,900원",4.4,2020.04.,"아이스크림 / 컵,파우치 / 1회 제공량 90g당 열량: 180kcal / 나트륨: 45mg / 탄수화물: 34g / 당류: 29g / 지방: 3.6g / 트랜스지방: 0.1g / 포화지방: 2.3g / 콜레스테롤: 10mg / 단백질: 2g"
rgvHTaAieu,/ajax/productPot.ajax.php?key=rgvHTaAieu,587481원,,,rgvHTaAieu587481
설빙 구슬아이스크림 레인보우 70ml,http://prod.danawa.com/info/?pcode=17028923&keyword=%EC%95%84%EC%9D%B4%EC%8A%A4%ED%81%AC%EB%A6%BC&cate=16231183,"17,500원",2.0,2022.05.,아이스크림 / 구슬
아이푸드 서주 아이스쿨 모히또 200ml,http://prod.danawa.com/info/?pcode=12011633&keyword=%EC%95%84%EC%9D%B4%EC%8A%A4%ED%81%AC%EB%A6%BC&cate=16231183,"4,030원",3.6,2020.08.,"아이스크림 / 컵,파우치"
빙그레 요맘때 프로즌요거트 플레인바 70ml,http://prod.danawa.com/info/?pcode=5342827&keyword=%EC%95%84%EC%9D%B4%EC%8A%A4%ED%81%AC%EB%A6%BC&cate=16231183,일시품절,5.0,2017.07.,아이스크림 / 바(막대)
롯데제과 앙꼬바 흑미흑임자 75ml,http://prod.danawa.com/info/?pcode=12332759&keyword=%EC%95%84%EC%9D%B4%EC%8A%A4%ED%81%AC%EB%A6%BC&cate=16231183,"1,900원",4.0,2020.09.,아이스크림 / 바(막대)
설빙 파인트아이스크림 초코 474ml,http://prod.danawa.com/info/?pcode=17028140&keyword=%EC%95%84%EC%9D%B4%EC%8A%A4%ED%81%AC%EB%A6%BC&cate=16231183,"6,910원",4.6,2022.05.,"아이스크림 / 컵,파우치"
해태제과 부라보 콘 피스타치오 150ml,http://prod.danawa.com/info/?pcode=5222566&keyword=%EC%95%84%EC%9D%B4%EC%8A%A4%ED%81%AC%EB%A6%BC&cate=16231183,"1,000원",4.6,2017.06.,아이스크림 / 콘
롯데푸드 희한한 군고구마 140ml,http://prod.danawa.com/info/?pcode=13196423&keyword=%EC%95%84%EC%9D%B4%EC%8A%A4%ED%81%AC%EB%A6%BC&cate=16231183,"2,700원",4.0,2021.01.,아이스크림 / 샌드
SPC 배스킨라빈스 초콜렛 오가닉 아이스크림 474ml,http://prod.danawa.com/info/?pcode=16196123&keyword=%EC%95%84%EC%9D%B4%EC%8A%A4%ED%81%AC%EB%A6%BC&cate=16231183,"8,620원",5.0,2022.01.,"아이스크림 / 컵,파우치"
SPC 배스킨라빈스 아이스크림 콘 바닐라봉봉 5개입 750ml,http://prod.danawa.com/info/?pcode=16194749&keyword=%EC%95%84%EC%9D%B4%EC%8A%A4%ED%81%AC%EB%A6%BC&cate=16231183,"10,800원",,2022.01.,아이스크림 / 콘
롯데푸드 델몬트 망고 바 75ml,http://prod.danawa.com/info/?pcode=14352122&keyword=%EC%95%84%EC%9D%B4%EC%8A%A4%ED%81%AC%EB%A6%BC&cate=16231183,"1,800원",5.0,2019.04.,아이스크림 / 바(막대)
롯데제과 옥동자콘 160ml,http://prod.danawa.com/info/?pcode=7924927&keyword=%EC%95%84%EC%9D%B4%EC%8A%A4%ED%81%AC%EB%A6%BC&cate=16231183,"2,690원",4.8,2019.05.,아이스크림 / 콘
SPC 배스킨라빈스 아이스크림 콘 초코봉봉 5개입 750ml,http://prod.danawa.com/info/?pcode=16196318&keyword=%EC%95%84%EC%9D%B4%EC%8A%A4%ED%81%AC%EB%A6%BC&cate=16231183,"10,880원",,2022.01.,아이스크림 / 콘
롯데푸드 빵빠레 샌드 180ml,http://prod.danawa.com/info/?pcode=10962555&keyword=%EC%95%84%EC%9D%B4%EC%8A%A4%ED%81%AC%EB%A6%BC&cate=16231183,990원,4.5,2020.03.,아이스크림 / 샌드
SPC 배스킨라빈스 제주 그린티 오가닉 아이스크림 474ml,http://prod.danawa.com/info/?pcode=16193681&keyword=%EC%95%84%EC%9D%B4%EC%8A%A4%ED%81%AC%EB%A6%BC&cate=16231183,"8,620원",,2022.01.,"아이스크림 / 컵,파우치"
하겐다즈 그린티 파인트 아이스크림 473ml,http://prod.danawa.com/info/?pcode=4085018&keyword=%EC%95%84%EC%9D%B4%EC%8A%A4%ED%81%AC%EB%A6%BC&cate=16231183,"8,100원",4.7,2016.05.,"아이스크림 / 컵,파우치"
롯데제과 옥동자 가나초콜릿 80ml,http://prod.danawa.com/info/?pcode=14481632&keyword=%EC%95%84%EC%9D%B4%EC%8A%A4%ED%81%AC%EB%A6%BC&cate=16231183,560원,5.0,2021.06.,아이스크림 / 바(막대)
대상 청정원 라이틀리 스윗데이 바닐라 130ml,http://prod.danawa.com/info/?pcode=12429308&keyword=%EC%95%84%EC%9D%B4%EC%8A%A4%ED%81%AC%EB%A6%BC&cate=16231183,"8,640원",,2020.10.,"아이스크림 / 컵,파우치"
파브리 그린티 젤라또 5L,http://prod.danawa.com/info/?pcode=8116486&keyword=%EC%95%84%EC%9D%B4%EC%8A%A4%ED%81%AC%EB%A6%BC&cate=16231183,"36,320원",4.6,2019.06.,"아이스크림 / 컵,파우치 / 특징: 대용량,업소용"
롯데제과 잇츠와플 바닐라 140ml,http://prod.danawa.com/info/?pcode=5116714&keyword=%EC%95%84%EC%9D%B4%EC%8A%A4%ED%81%AC%EB%A6%BC&cate=16231183,"14,360원",4.5,2017.04.,아이스크림 / 샌드
하겐다즈 라즈베리 소르베 파인트 아이스크림 473ml,http://prod.danawa.com/info/?pcode=12264302&keyword=%EC%95%84%EC%9D%B4%EC%8A%A4%ED%81%AC%EB%A6%BC&cate=16231183,"10,700원",,2020.09.,"아이스크림 / 컵,파우치"
파브리 바닐라 젤라또 7L,http://prod.danawa.com/info/?pcode=8117365&keyword=%EC%95%84%EC%9D%B4%EC%8A%A4%ED%81%AC%EB%A6%BC&cate=16231183,"61,990원",4.7,2019.06.,"아이스크림 / 컵,파우치 / 특징: 대용량,업소용"
롯데제과 바나나우유바 70ml,http://prod.danawa.com/info/?pcode=14735057&keyword=%EC%95%84%EC%9D%B4%EC%8A%A4%ED%81%AC%EB%A6%BC&cate=16231183,500원,4.6,2021.07.,아이스크림 / 바(막대)
빙그레 떡또아 티라미수 85ml,http://prod.danawa.com/info/?pcode=12899441&keyword=%EC%95%84%EC%9D%B4%EC%8A%A4%ED%81%AC%EB%A6%BC&cate=16231183,"4,950원",4.8,2020.12.,"아이스크림 / 컵,파우치"
하겐다즈 바닐라 파인트 아이스크림 473ml,http://prod.danawa.com/info/?pcode=7936006&keyword=%EC%95%84%EC%9D%B4%EC%8A%A4%ED%81%AC%EB%A6%BC&cate=16231183,"8,100원",4.9,2019.05.,"아이스크림 / 컵,파우치"
설빙 구슬아이스크림 딸기 70ml,http://prod.danawa.com/info/?pcode=17028776&keyword=%EC%95%84%EC%9D%B4%EC%8A%A4%ED%81%AC%EB%A6%BC&cate=16231183,"17,500원",,2022.05.,아이스크림 / 구슬
배스킨라빈스 토마토 저칼로리 아이스크림 474ml,http://prod.danawa.com/info/?pcode=16471844&keyword=%EC%95%84%EC%9D%B4%EC%8A%A4%ED%81%AC%EB%A6%BC&cate=16231183,"9,400원",,2022.02.,"아이스크림 / 컵,파우치"
롯데푸드 구구콘 스트로베리 160ml,http://prod.danawa.com/info/?pcode=14084423&keyword=%EC%95%84%EC%9D%B4%EC%8A%A4%ED%81%AC%EB%A6%BC&cate=16231183,990원,4.6,2021.05.,아이스크림 / 콘
파브리 쿠즈코초콜릿 젤라또 9.5L,http://prod.danawa.com/info/?pcode=8117314&keyword=%EC%95%84%EC%9D%B4%EC%8A%A4%ED%81%AC%EB%A6%BC&cate=16231183,"64,080원",5.0,2019.06.,"아이스크림 / 컵,파우치 / 특징: 대용량,업소용"
라벤다 멜로라인 바닐라 아이스크림 5L,http://prod.danawa.com/info/?pcode=6144158&keyword=%EC%95%84%EC%9D%B4%EC%8A%A4%ED%81%AC%EB%A6%BC&cate=16231183,"15,890원",5.0,2018.05.,"아이스크림 / 컵,파우치 / 특징: 대용량,업소용"
롯데제과 스크류바 75ml,http://prod.danawa.com/info/?pcode=6001506&keyword=%EC%95%84%EC%9D%B4%EC%8A%A4%ED%81%AC%EB%A6%BC&cate=16231183,"2,750원",4.7,2015.11.,아이스크림 / 바(막대)
스키니피그 저칼로리 아이스크림 초콜릿 파인트 474ml,http://prod.danawa.com/info/?pcode=14479478&keyword=%EC%95%84%EC%9D%B4%EC%8A%A4%ED%81%AC%EB%A6%BC&cate=16231183,"7,890원",,2021.05.,"아이스크림 / 컵,파우치"
해태제과 부라보 콘 카카오 150ml,http://prod.danawa.com/info/?pcode=14135030&keyword=%EC%95%84%EC%9D%B4%EC%8A%A4%ED%81%AC%EB%A6%BC&cate=16231183,"2,700원",3.6,2021.05.,아이스크림 / 콘
롯데제과 주물러 콜라 130ml,http://prod.danawa.com/info/?pcode=8707346&keyword=%EC%95%84%EC%9D%B4%EC%8A%A4%ED%81%AC%EB%A6%BC&cate=16231183,660원,4.5,2019.07.,아이스크림 / 튜브(쭈쭈바)
빙그레 슈퍼콘 민트초코칩 150ml,http://prod.danawa.com/info/?pcode=8133775&keyword=%EC%95%84%EC%9D%B4%EC%8A%A4%ED%81%AC%EB%A6%BC&cate=16231183,990원,4.5,2019.06.,아이스크림 / 콘
해태제과 체리마루 63ml,http://prod.danawa.com/info/?pcode=7918882&keyword=%EC%95%84%EC%9D%B4%EC%8A%A4%ED%81%AC%EB%A6%BC&cate=16231183,550원,4.8,2019.05.,아이스크림 / 바(막대)
아이스랜드 유지방 모카커피 아이스크림 5L,http://prod.danawa.com/info/?pcode=14268950&keyword=%EC%95%84%EC%9D%B4%EC%8A%A4%ED%81%AC%EB%A6%BC&cate=16231183,"17,210원",,2021.05.,"아이스크림 / 컵,파우치 / 특징: 대용량,업소용"
파브리 쿠키앤치즈 젤라또 5L,http://prod.danawa.com/info/?pcode=11596169&keyword=%EC%95%84%EC%9D%B4%EC%8A%A4%ED%81%AC%EB%A6%BC&cate=16231183,"42,000원",5.0,2019.06.,"아이스크림 / 컵,파우치 / 특징: 대용량,업소용"
s34p86uyy6,/ajax/productPot.ajax.php?key=s34p86uyy6,198913원,,,s34p86uyy6198913
롯데푸드 거북이바 90ml,http://prod.danawa.com/info/?pcode=7927882&keyword=%EC%95%84%EC%9D%B4%EC%8A%A4%ED%81%AC%EB%A6%BC&cate=16231183,"3,150원",4.5,2019.05.,아이스크림 / 바(막대)
롯데푸드 별난바 톡톡 70ml,http://prod.danawa.com/info/?pcode=8083636&keyword=%EC%95%84%EC%9D%B4%EC%8A%A4%ED%81%AC%EB%A6%BC&cate=16231183,550원,4.7,2019.06.,아이스크림 / 바(막대)
롯데푸드 밀키스바 70ml,http://prod.danawa.com/info/?pcode=14228384&keyword=%EC%95%84%EC%9D%B4%EC%8A%A4%ED%81%AC%EB%A6%BC&cate=16231183,500원,5.0,2021.05.,아이스크림 / 바(막대)
대상 청정원 라이틀리 스윗데이 녹차 130ml,http://prod.danawa.com/info/?pcode=12429341&keyword=%EC%95%84%EC%9D%B4%EC%8A%A4%ED%81%AC%EB%A6%BC&cate=16231183,"8,690원",3.0,2020.10.,"아이스크림 / 컵,파우치"
롯데푸드 와삭바 80ml,http://prod.danawa.com/info/?pcode=10841292&keyword=%EC%95%84%EC%9D%B4%EC%8A%A4%ED%81%AC%EB%A6%BC&cate=16231183,"16,760원",4.8,2020.03.,아이스크림 / 바(막대)
해태제과 꿀호떡 시모나 120ml,http://prod.danawa.com/info/?pcode=7921378&keyword=%EC%95%84%EC%9D%B4%EC%8A%A4%ED%81%AC%EB%A6%BC&cate=16231183,990원,5.0,2019.05.,아이스크림 / 샌드
디핀다트 구슬아이스크림 레인보우 50ml,http://prod.danawa.com/info/?pcode=5220834&keyword=%EC%95%84%EC%9D%B4%EC%8A%A4%ED%81%AC%EB%A6%BC&cate=16231183,"17,910원",4.5,2017.06.,아이스크림 / 구슬
대상 청정원 라이틀리 스윗데이 쵸코 130ml,http://prod.danawa.com/info/?pcode=12429329&keyword=%EC%95%84%EC%9D%B4%EC%8A%A4%ED%81%AC%EB%A6%BC&cate=16231183,"7,430원",5.0,2020.10.,"아이스크림 / 컵,파우치"
아이푸드 서주 민트리치바 70ml,http://prod.danawa.com/info/?pcode=7929181&keyword=%EC%95%84%EC%9D%B4%EC%8A%A4%ED%81%AC%EB%A6%BC&cate=16231183,550원,4.7,2019.05.,아이스크림 / 바(막대)
허쉬 민트초코바 90ml,http://prod.danawa.com/info/?pcode=14611124&keyword=%EC%95%84%EC%9D%B4%EC%8A%A4%ED%81%AC%EB%A6%BC&cate=16231183,"14,930원",4.2,2021.06.,아이스크림 / 바(막대)
해태제과 누가바 63ml,http://prod.danawa.com/info/?pcode=13714385&keyword=%EC%95%84%EC%9D%B4%EC%8A%A4%ED%81%AC%EB%A6%BC&cate=16231183,"2,500원",4.9,2021.03.,아이스크림 / 바(막대)
롯데푸드 빽다방 딸기바나나 아이스크림 474ml,http://prod.danawa.com/info/?pcode=11093991&keyword=%EC%95%84%EC%9D%B4%EC%8A%A4%ED%81%AC%EB%A6%BC&cate=16231183,"2,450원",4.5,2020.04.,"아이스크림 / 컵,파우치 / 1회 제공량 100ml당 열량: 110kcal / 나트륨: 30mg / 탄수화물: 18g / 당류: 14g / 지방: 3.1g / 트랜스지방: 0g / 포화지방: 2.1g / 콜레스테롤: 5mg / 단백질: 2g"
롯데푸드 돼지콘 160ml,http://prod.danawa.com/info/?pcode=7923040&keyword=%EC%95%84%EC%9D%B4%EC%8A%A4%ED%81%AC%EB%A6%BC&cate=16231183,"1,000원",4.5,2019.05.,아이스크림 / 콘
하겐다즈 쿠키앤크림 파인트 아이스크림 473ml,http://prod.danawa.com/info/?pcode=5996635&keyword=%EC%95%84%EC%9D%B4%EC%8A%A4%ED%81%AC%EB%A6%BC&cate=16231183,"8,100원",4.9,2018.03.,"아이스크림 / 컵,파우치"
롯데푸드 카페파티시에 슈크림 바 75ml,http://prod.danawa.com/info/?pcode=16681241&keyword=%EC%95%84%EC%9D%B4%EC%8A%A4%ED%81%AC%EB%A6%BC&cate=16231183,660원,5.0,2022.03.,아이스크림 / 바(막대)
롯데제과 본젤라또 쿠키앤크림바 90ml,http://prod.danawa.com/info/?pcode=14499395&keyword=%EC%95%84%EC%9D%B4%EC%8A%A4%ED%81%AC%EB%A6%BC&cate=16231183,"2,100원",,2021.06.,아이스크림 / 바(막대)
허쉬 녹차초코바 90ml,http://prod.danawa.com/info/?pcode=14609981&keyword=%EC%95%84%EC%9D%B4%EC%8A%A4%ED%81%AC%EB%A6%BC&cate=16231183,"14,930원",4.8,2021.06.,아이스크림 / 바(막대)
롯데제과 찰떡아이스 인절미 3개입 288ml,http://prod.danawa.com/info/?pcode=17022419&keyword=%EC%95%84%EC%9D%B4%EC%8A%A4%ED%81%AC%EB%A6%BC&cate=16231183,"5,750원",,2022.05.,"아이스크림 / 컵,파우치"
해태제과 구슬 폴라포 사과딸기 70ml,http://prod.danawa.com/info/?pcode=16938884&keyword=%EC%95%84%EC%9D%B4%EC%8A%A4%ED%81%AC%EB%A6%BC&cate=16231183,"1,000원",,2022.04.,"아이스크림 / 컵,파우치"
롯데제과 죠크박 75ml,http://prod.danawa.com/info/?pcode=10974648&keyword=%EC%95%84%EC%9D%B4%EC%8A%A4%ED%81%AC%EB%A6%BC&cate=16231183,550원,4.0,2020.04.,아이스크림 / 바(막대)
빙그레 슈퍼콘 쿠앤크 150ml,http://prod.danawa.com/info/?pcode=14088686&keyword=%EC%95%84%EC%9D%B4%EC%8A%A4%ED%81%AC%EB%A6%BC&cate=16231183,"1,000원",3.2,2021.05.,아이스크림 / 콘
롯데제과 조안나 호두 리치 900ml,http://prod.danawa.com/info/?pcode=12953543&keyword=%EC%95%84%EC%9D%B4%EC%8A%A4%ED%81%AC%EB%A6%BC&cate=16231183,"5,190원",,2020.12.,"아이스크림 / 컵,파우치"
SPC 배스킨라빈스 쿨그린 초콜릿칩 오가닉아이스크림 474ml,http://prod.danawa.com/info/?pcode=16194110&keyword=%EC%95%84%EC%9D%B4%EC%8A%A4%ED%81%AC%EB%A6%BC&cate=16231183,"9,380원",5.0,2022.01.,"아이스크림 / 컵,파우치"
빙그레 엔초 민트 85ml,http://prod.danawa.com/info/?pcode=11105379&keyword=%EC%95%84%EC%9D%B4%EC%8A%A4%ED%81%AC%EB%A6%BC&cate=16231183,"2,980원",5.0,2020.04.,아이스크림 / 바(막대)
아이푸드 서주 타로 밀크티콘 150ml,http://prod.danawa.com/info/?pcode=14339210&keyword=%EC%95%84%EC%9D%B4%EC%8A%A4%ED%81%AC%EB%A6%BC&cate=16231183,"1,000원",,2021.06.,아이스크림 / 콘
해태제과 구슬 폴라포 레몬라임 70ml,http://prod.danawa.com/info/?pcode=16939220&keyword=%EC%95%84%EC%9D%B4%EC%8A%A4%ED%81%AC%EB%A6%BC&cate=16231183,"1,000원",,2022.04.,"아이스크림 / 컵,파우치"
롯데푸드 델몬트 포도 아이스크림 홈 660ml,http://prod.danawa.com/info/?pcode=11874220&keyword=%EC%95%84%EC%9D%B4%EC%8A%A4%ED%81%AC%EB%A6%BC&cate=16231183,"4,100원",3.5,2020.07.,"아이스크림 / 컵,파우치 / 망고농축퓨레 4%,오렌지농축액 3.5%"
아이푸드 서주 초코리치바 70ml,http://prod.danawa.com/info/?pcode=11115501&keyword=%EC%95%84%EC%9D%B4%EC%8A%A4%ED%81%AC%EB%A6%BC&cate=16231183,550원,4.0,2020.04.,아이스크림 / 바(막대)
롯데제과 위즐 바닐라 피칸 660ml,http://prod.danawa.com/info/?pcode=5108933&keyword=%EC%95%84%EC%9D%B4%EC%8A%A4%ED%81%AC%EB%A6%BC&cate=16231183,"3,920원",4.8,2017.04.,"아이스크림 / 컵,파우치"
SPC 배스킨라빈스 초코듬뿍 초코볼 오가닉아이스크림 474ml,http://prod.danawa.com/info/?pcode=16192490&keyword=%EC%95%84%EC%9D%B4%EC%8A%A4%ED%81%AC%EB%A6%BC&cate=16231183,"8,620원",,2022.01.,"아이스크림 / 컵,파우치"
아이푸드 서주 민트리치콘 150ml,http://prod.danawa.com/info/?pcode=14337638&keyword=%EC%95%84%EC%9D%B4%EC%8A%A4%ED%81%AC%EB%A6%BC&cate=16231183,"1,000원",,2021.06.,아이스크림 / 콘
아이푸드 서주 쑥이랑떡이랑 180ml,http://prod.danawa.com/info/?pcode=14246438&keyword=%EC%95%84%EC%9D%B4%EC%8A%A4%ED%81%AC%EB%A6%BC&cate=16231183,"1,000원",,2021.05.,아이스크림 / 바(막대)
빙그레 요맘때 슈팅스타콘 150ml,http://prod.danawa.com/info/?pcode=14109167&keyword=%EC%95%84%EC%9D%B4%EC%8A%A4%ED%81%AC%EB%A6%BC&cate=16231183,"1,000원",5.0,2021.05.,아이스크림 / 콘
디핀다트 구슬 아이스크림 4종 24개입,http://prod.danawa.com/info/?pcode=6123260&keyword=%EC%95%84%EC%9D%B4%EC%8A%A4%ED%81%AC%EB%A6%BC&cate=16231183,"33,390원",4.6,2018.05.,"아이스크림 / 구슬 / 구성: 레인보우, 딸기, 바닐라, 초코바나나 중 택"
롯데푸드 보석바 바나나 80ml,http://prod.danawa.com/info/?pcode=14431919&keyword=%EC%95%84%EC%9D%B4%EC%8A%A4%ED%81%AC%EB%A6%BC&cate=16231183,550원,5.0,2021.06.,아이스크림 / 바(막대)
롯데제과 스크류바 피치 75ml,http://prod.danawa.com/info/?pcode=14531456&keyword=%EC%95%84%EC%9D%B4%EC%8A%A4%ED%81%AC%EB%A6%BC&cate=16231183,550원,4.2,2021.06.,아이스크림 / 바(막대)
동학식품 미니멜츠 구슬아이스크림 스윗멜로우 50g,http://prod.danawa.com/info/?pcode=14453411&keyword=%EC%95%84%EC%9D%B4%EC%8A%A4%ED%81%AC%EB%A6%BC&cate=16231183,"20,840원",4.6,2021.06.,아이스크림 / 구슬
빙그레 라이언바 자두맛 70ml,http://prod.danawa.com/info/?pcode=11093130&keyword=%EC%95%84%EC%9D%B4%EC%8A%A4%ED%81%AC%EB%A6%BC&cate=16231183,500원,,2020.04.,아이스크림 / 바(막대) / 1회 제공량 70ml당 열량: 70kcal / 나트륨: 25mg / 탄수화물: 17g / 당류: 13g / 지방: 0.4g / 트랜스지방: 0g / 포화지방: 0.3g / 콜레스테롤: 0mg / 단백질: 0g
아이푸드 서주 왕수박알 120ml,http://prod.danawa.com/info/?pcode=11394195&keyword=%EC%95%84%EC%9D%B4%EC%8A%A4%ED%81%AC%EB%A6%BC&cate=16231183,660원,3.8,2020.05.,"아이스크림 / 컵,파우치"
빙그레 요맘때 그릭콘 믹스베리 150ml,http://prod.danawa.com/info/?pcode=11105172&keyword=%EC%95%84%EC%9D%B4%EC%8A%A4%ED%81%AC%EB%A6%BC&cate=16231183,"2,590원",4.7,2020.04.,아이스크림 / 콘
Ig7e0ZqNHC,/ajax/productPot.ajax.php?key=Ig7e0ZqNHC,936487원,,,Ig7e0ZqNHC936487
롯데제과 티코 밀크초코 15개입 510ml,http://prod.danawa.com/info/?pcode=5111755&keyword=%EC%95%84%EC%9D%B4%EC%8A%A4%ED%81%AC%EB%A6%BC&cate=16231183,"4,960원",4.7,2017.04.,"아이스크림 / 컵,파우치"
하겐다즈 스트로베리 치즈케익 파인트 아이스크림 473ml,http://prod.danawa.com/info/?pcode=9768153&keyword=%EC%95%84%EC%9D%B4%EC%8A%A4%ED%81%AC%EB%A6%BC&cate=16231183,"8,880원",4.9,2019.10.,"아이스크림 / 컵,파우치"
롯데제과 월드콘 까마로사딸기 160ml,http://prod.danawa.com/info/?pcode=14108846&keyword=%EC%95%84%EC%9D%B4%EC%8A%A4%ED%81%AC%EB%A6%BC&cate=16231183,"1,000원",4.7,2021.05.,아이스크림 / 콘
롯데제과 본젤라또 베리 쇼콜라 컵 230ml,http://prod.danawa.com/info/?pcode=17009861&keyword=%EC%95%84%EC%9D%B4%EC%8A%A4%ED%81%AC%EB%A6%BC&cate=16231183,"4,000원",,2022.05.,"아이스크림 / 컵,파우치"
하겐다즈 초콜릿 초코 아몬드 아이스크림 바 80ml,http://prod.danawa.com/info/?pcode=7934893&keyword=%EC%95%84%EC%9D%B4%EC%8A%A4%ED%81%AC%EB%A6%BC&cate=16231183,"4,150원",4.9,2019.05.,아이스크림 / 바(막대)
해태제과 아이스팜 천혜향 70ml,http://prod.danawa.com/info/?pcode=14532269&keyword=%EC%95%84%EC%9D%B4%EC%8A%A4%ED%81%AC%EB%A6%BC&cate=16231183,460원,5.0,2021.06.,아이스크림 / 바(막대)
아이푸드 서주 햇살가득 찰옥수수 바 75ml,http://prod.danawa.com/info/?pcode=11086407&keyword=%EC%95%84%EC%9D%B4%EC%8A%A4%ED%81%AC%EB%A6%BC&cate=16231183,"2,750원",4.5,2020.04.,아이스크림 / 바(막대)
하겐다즈 초콜릿 파인트 아이스크림 473ml,http://prod.danawa.com/info/?pcode=7936495&keyword=%EC%95%84%EC%9D%B4%EC%8A%A4%ED%81%AC%EB%A6%BC&cate=16231183,"8,100원",4.9,2019.05.,"아이스크림 / 컵,파우치"
롯데제과 위즐 커피 앤 초코퍼지 700ml,http://prod.danawa.com/info/?pcode=5111634&keyword=%EC%95%84%EC%9D%B4%EC%8A%A4%ED%81%AC%EB%A6%BC&cate=16231183,"4,000원",4.7,2017.04.,"아이스크림 / 컵,파우치"
롯데제과 빼빼로바 크런키 80ml,http://prod.danawa.com/info/?pcode=14076437&keyword=%EC%95%84%EC%9D%B4%EC%8A%A4%ED%81%AC%EB%A6%BC&cate=16231183,"12,500원",5.0,2021.05.,아이스크림 / 바(막대)
동학식품 미니멜츠 미니멜츠빅 포도 앤 소다향 아이스 70ml,http://prod.danawa.com/info/?pcode=10848564&keyword=%EC%95%84%EC%9D%B4%EC%8A%A4%ED%81%AC%EB%A6%BC&cate=16231183,"2,000원",4.8,2020.03.,아이스크림 / 구슬
롯데푸드 구구스타 460ml,http://prod.danawa.com/info/?pcode=5109193&keyword=%EC%95%84%EC%9D%B4%EC%8A%A4%ED%81%AC%EB%A6%BC&cate=16231183,"29,640원",4.6,2017.04.,아이스크림 / 바(막대)
SPC 배스킨라빈스 바닐라봉봉 오가닉 아이스크림 474ml,http://prod.danawa.com/info/?pcode=16194548&keyword=%EC%95%84%EC%9D%B4%EC%8A%A4%ED%81%AC%EB%A6%BC&cate=16231183,"8,620원",,2022.01.,"아이스크림 / 컵,파우치"
빙그레 투게더 바닐라 미니어처 300ml,http://prod.danawa.com/info/?pcode=11423973&keyword=%EC%95%84%EC%9D%B4%EC%8A%A4%ED%81%AC%EB%A6%BC&cate=16231183,"4,350원",4.6,2020.05.,"아이스크림 / 컵,파우치"
유니레버 매그넘 민트 싱글 100ml,http://prod.danawa.com/info/?pcode=14725283&keyword=%EC%95%84%EC%9D%B4%EC%8A%A4%ED%81%AC%EB%A6%BC&cate=16231183,"10,650원",5.0,2021.07.,아이스크림 / 바(막대)
롯데제과 월드콘 쿠키앤크림 160ml,http://prod.danawa.com/info/?pcode=13038158&keyword=%EC%95%84%EC%9D%B4%EC%8A%A4%ED%81%AC%EB%A6%BC&cate=16231183,"12,800원",4.4,2020.12.,아이스크림 / 콘
롯데푸드 카페파티시에 쑥라떼 바 75ml,http://prod.danawa.com/info/?pcode=15655127&keyword=%EC%95%84%EC%9D%B4%EC%8A%A4%ED%81%AC%EB%A6%BC&cate=16231183,660원,,2021.11.,아이스크림 / 바(막대)
하겐다즈 쿠키앤크림 아이스크림 바 3개입 멀티바 240ml,http://prod.danawa.com/info/?pcode=10720623&keyword=%EC%95%84%EC%9D%B4%EC%8A%A4%ED%81%AC%EB%A6%BC&cate=16231183,"8,880원",4.9,2020.03.,아이스크림 / 바(막대)
빙그레 엑설런트 오리지널 컵 150ml,http://prod.danawa.com/info/?pcode=16187786&keyword=%EC%95%84%EC%9D%B4%EC%8A%A4%ED%81%AC%EB%A6%BC&cate=16231183,"1,880원",,2022.01.,"아이스크림 / 컵,파우치"
롯데푸드 유러피안 디저트 쿠키오 130ml,http://prod.danawa.com/info/?pcode=5112999&keyword=%EC%95%84%EC%9D%B4%EC%8A%A4%ED%81%AC%EB%A6%BC&cate=16231183,"2,600원",4.7,2017.04.,아이스크림 / 샌드
해태제과 초코청크마루 600ml,http://prod.danawa.com/info/?pcode=5374630&keyword=%EC%95%84%EC%9D%B4%EC%8A%A4%ED%81%AC%EB%A6%BC&cate=16231183,일시품절,4.7,2017.08.,"아이스크림 / 컵,파우치"
서강유업 아이스크림분말 쵸코 1kg,http://prod.danawa.com/info/?pcode=5127234&keyword=%EC%95%84%EC%9D%B4%EC%8A%A4%ED%81%AC%EB%A6%BC&cate=16231183,"4,630원",4.2,2017.05.,아이스크림 믹스
푸드나무 원에이엠(1am) 라이트 젤라또 자색고구마 아이스크림 350ml,http://prod.danawa.com/info/?pcode=8919824&keyword=%EC%95%84%EC%9D%B4%EC%8A%A4%ED%81%AC%EB%A6%BC&cate=16231183,"17,730원",2.0,2019.07.,"아이스크림 / 컵,파우치"
설빙 파인트아이스크림 3종,http://prod.danawa.com/info/?pcode=17028200&keyword=%EC%95%84%EC%9D%B4%EC%8A%A4%ED%81%AC%EB%A6%BC&cate=16231183,"24,130원",5.0,2022.05.,"아이스크림 / 컵,파우치 / 구성: 파인트아이스크림 초코 474ml+우유 474ml+인절미 474ml"
라라스윗 저칼로리 아이스크림 치즈케이크 474ml,http://prod.danawa.com/info/?pcode=16472972&keyword=%EC%95%84%EC%9D%B4%EC%8A%A4%ED%81%AC%EB%A6%BC&cate=16231183,"6,200원",4.7,2022.02.,"아이스크림 / 컵,파우치"
나뚜루 초코 파인트 474ml,http://prod.danawa.com/info/?pcode=7946488&keyword=%EC%95%84%EC%9D%B4%EC%8A%A4%ED%81%AC%EB%A6%BC&cate=16231183,"7,480원",4.4,2019.05.,"아이스크림 / 컵,파우치"
하겐다즈 마카다미아넛 미니컵 아이스크림 100ml,http://prod.danawa.com/info/?pcode=7936609&keyword=%EC%95%84%EC%9D%B4%EC%8A%A4%ED%81%AC%EB%A6%BC&cate=16231183,"4,360원",5.0,2019.05.,"아이스크림 / 컵,파우치"
유니온 까르페 바닐라향 소프트 아이스크림 가루 33 1kg,http://prod.danawa.com/info/?pcode=16987574&keyword=%EC%95%84%EC%9D%B4%EC%8A%A4%ED%81%AC%EB%A6%BC&cate=16231183,"5,750원",,2022.05.,아이스크림 믹스
빙그레 무지바 청포도맛 70ml,http://prod.danawa.com/info/?pcode=11092896&keyword=%EC%95%84%EC%9D%B4%EC%8A%A4%ED%81%AC%EB%A6%BC&cate=16231183,"16,420원",4.5,2020.04.,아이스크림 / 바(막대) / 1회 제공량 70ml당 열량: 75kcal / 나트륨: 20mg / 탄수화물: 18g / 당류: 13g / 지방: 0.4g / 트랜스지방: 0g / 포화지방: 0.3g / 콜레스테롤: 0mg / 단백질: 0g
롯데푸드 델몬트 복숭아 바 75ml,http://prod.danawa.com/info/?pcode=8083003&keyword=%EC%95%84%EC%9D%B4%EC%8A%A4%ED%81%AC%EB%A6%BC&cate=16231183,일시품절,5.0,2019.06.,아이스크림 / 바(막대)
아이푸드 서주 아이스쿨 왕포도알 200ml,http://prod.danawa.com/info/?pcode=12011483&keyword=%EC%95%84%EC%9D%B4%EC%8A%A4%ED%81%AC%EB%A6%BC&cate=16231183,"3,890원",4.7,2020.08.,"아이스크림 / 컵,파우치"
디핀다트 구슬아이스크림 4종 16개입,http://prod.danawa.com/info/?pcode=11097954&keyword=%EC%95%84%EC%9D%B4%EC%8A%A4%ED%81%AC%EB%A6%BC&cate=16231183,"24,000원",4.7,2020.04.,"아이스크림 / 구슬 / 구성: 레인보우, 딸기, 초코바나나, 쿠키앤크림"
동학식품 미니멜츠 미니멜츠빅 피치 아이스 70ml,http://prod.danawa.com/info/?pcode=14455247&keyword=%EC%95%84%EC%9D%B4%EC%8A%A4%ED%81%AC%EB%A6%BC&cate=16231183,"2,000원",1.0,2021.06.,아이스크림 / 구슬
빙그레 메로나 메론 75ml x 10개+메로나 망고 75ml x 10개+메로나 바나나 75ml x 10개,http://prod.danawa.com/info/?pcode=7917394&keyword=%EC%95%84%EC%9D%B4%EC%8A%A4%ED%81%AC%EB%A6%BC&cate=16231183,"14,500원",4.6,2019.05.,아이스크림 / 바(막대)
매일유업 상하목장 유기농 아이스크림 딸기 474ml,http://prod.danawa.com/info/?pcode=17021036&keyword=%EC%95%84%EC%9D%B4%EC%8A%A4%ED%81%AC%EB%A6%BC&cate=16231183,"9,270원",4.3,2022.05.,"아이스크림 / 컵,파우치"
나뚜루 스트로베리 치즈케익 파인트 474ml,http://prod.danawa.com/info/?pcode=16249580&keyword=%EC%95%84%EC%9D%B4%EC%8A%A4%ED%81%AC%EB%A6%BC&cate=16231183,"7,400원",,2020.08.,"아이스크림 / 컵,파우치"
푸드나무 원에이엠(1am) 라이트 젤라또 몽블랑향 카라멜 아이스크림 350ml,http://prod.danawa.com/info/?pcode=8919866&keyword=%EC%95%84%EC%9D%B4%EC%8A%A4%ED%81%AC%EB%A6%BC&cate=16231183,"18,620원",,2019.07.,"아이스크림 / 컵,파우치"
하겐다즈 그린티 아몬드 아이스크림 바 3개입 멀티바 240ml,http://prod.danawa.com/info/?pcode=5104256&keyword=%EC%95%84%EC%9D%B4%EC%8A%A4%ED%81%AC%EB%A6%BC&cate=16231183,"11,880원",4.8,2017.04.,아이스크림 / 바(막대)
해태제과 호두마루 홈 600ml,http://prod.danawa.com/info/?pcode=5111799&keyword=%EC%95%84%EC%9D%B4%EC%8A%A4%ED%81%AC%EB%A6%BC&cate=16231183,"14,400원",4.9,2017.04.,"아이스크림 / 컵,파우치"
롯데푸드 카페파티시에 애플파이 바 80ml,http://prod.danawa.com/info/?pcode=15655181&keyword=%EC%95%84%EC%9D%B4%EC%8A%A4%ED%81%AC%EB%A6%BC&cate=16231183,660원,5.0,2021.11.,아이스크림 / 바(막대)
EpGl2zkFie,/ajax/productPot.ajax.php?key=EpGl2zkFie,29677원,,,EpGl2zkFie29677
나뚜루 글라세 다쿠아즈 그린티 140ml,http://prod.danawa.com/info/?pcode=14041955&keyword=%EC%95%84%EC%9D%B4%EC%8A%A4%ED%81%AC%EB%A6%BC&cate=16231183,"12,410원",5.0,2021.04.,아이스크림 / 샌드
롯데푸드 국화빵 호두과자 150ml,http://prod.danawa.com/info/?pcode=15609848&keyword=%EC%95%84%EC%9D%B4%EC%8A%A4%ED%81%AC%EB%A6%BC&cate=16231183,"2,700원",,2021.11.,아이스크림 / 샌드
서울우유 초콜릿우유 아이스크림 474ml,http://prod.danawa.com/info/?pcode=12571274&keyword=%EC%95%84%EC%9D%B4%EC%8A%A4%ED%81%AC%EB%A6%BC&cate=16231183,"6,770원",4.8,2020.10.,"아이스크림 / 컵,파우치"
나뚜루 체리블라썸 파인트 474ml,http://prod.danawa.com/info/?pcode=16985642&keyword=%EC%95%84%EC%9D%B4%EC%8A%A4%ED%81%AC%EB%A6%BC&cate=16231183,"9,030원",5.0,2022.05.,"아이스크림 / 컵,파우치"
롯데제과 와일드바디 쿠키앤크림 75ml,http://prod.danawa.com/info/?pcode=14496980&keyword=%EC%95%84%EC%9D%B4%EC%8A%A4%ED%81%AC%EB%A6%BC&cate=16231183,660원,5.0,2021.06.,아이스크림 / 바(막대)
롯데제과 찰옥수수 5개입 700ml,http://prod.danawa.com/info/?pcode=11086092&keyword=%EC%95%84%EC%9D%B4%EC%8A%A4%ED%81%AC%EB%A6%BC&cate=16231183,"4,800원",4.9,2020.04.,아이스크림 / 샌드 / 1회 제공량 140ml당 열량: 165kcal / 나트륨: 55mg / 탄수화물: 22g / 당류: 13g / 지방: 7g / 트랜스지방: 0g / 포화지방: 5g / 콜레스테롤: 5mg / 단백질: 2g
하겐다즈 허니 앤 피치 위드 로즈 파인트 아이스크림 473ml,http://prod.danawa.com/info/?pcode=16437638&keyword=%EC%95%84%EC%9D%B4%EC%8A%A4%ED%81%AC%EB%A6%BC&cate=16231183,"11,210원",,2022.02.,"아이스크림 / 컵,파우치"
나뚜루 미니 딸기초콜릿바 6개입 300ml,http://prod.danawa.com/info/?pcode=14080340&keyword=%EC%95%84%EC%9D%B4%EC%8A%A4%ED%81%AC%EB%A6%BC&cate=16231183,"16,280원",4.5,2021.05.,아이스크림 / 바(막대)
롯데제과 셀렉션 아이스크림 10개입 500ml,http://prod.danawa.com/info/?pcode=11069193&keyword=%EC%95%84%EC%9D%B4%EC%8A%A4%ED%81%AC%EB%A6%BC&cate=16231183,"4,900원",4.6,2020.04.,아이스크림
하겐다즈 그린티 아몬드 아이스크림 바 80ml,http://prod.danawa.com/info/?pcode=7935070&keyword=%EC%95%84%EC%9D%B4%EC%8A%A4%ED%81%AC%EB%A6%BC&cate=16231183,"4,410원",4.9,2019.05.,아이스크림 / 바(막대)
하겐다즈 허니 그레이프프루트 파인트 아이스크림 473ml,http://prod.danawa.com/info/?pcode=16437521&keyword=%EC%95%84%EC%9D%B4%EC%8A%A4%ED%81%AC%EB%A6%BC&cate=16231183,"11,210원",4.0,2022.02.,"아이스크림 / 컵,파우치"
롯데제과 더블비얀코 초코 185ml,http://prod.danawa.com/info/?pcode=15014813&keyword=%EC%95%84%EC%9D%B4%EC%8A%A4%ED%81%AC%EB%A6%BC&cate=16231183,"22,580원",5.0,2021.08.,"아이스크림 / 컵,파우치"
롯데제과 노란 수박바 75ml,http://prod.danawa.com/info/?pcode=14087999&keyword=%EC%95%84%EC%9D%B4%EC%8A%A4%ED%81%AC%EB%A6%BC&cate=16231183,500원,5.0,2021.05.,아이스크림 / 바(막대)
동학식품 미니멜츠 구슬아이스크림 캔디프로스 50g,http://prod.danawa.com/info/?pcode=10853415&keyword=%EC%95%84%EC%9D%B4%EC%8A%A4%ED%81%AC%EB%A6%BC&cate=16231183,"2,000원",4.4,2020.03.,아이스크림 / 구슬
라라스윗 저칼로리 아이스크림 초코렛 474ml,http://prod.danawa.com/info/?pcode=6960016&keyword=%EC%95%84%EC%9D%B4%EC%8A%A4%ED%81%AC%EB%A6%BC&cate=16231183,"6,200원",4.9,2019.01.,"아이스크림 / 컵,파우치"
빙그레 슈퍼콘 바닐라 150ml,http://prod.danawa.com/info/?pcode=6342184&keyword=%EC%95%84%EC%9D%B4%EC%8A%A4%ED%81%AC%EB%A6%BC&cate=16231183,"1,000원",4.7,2018.07.,아이스크림 / 콘
하겐다즈 솔티드 카라멜&바닐라 카라멜 아몬드 6개입 미니 아이스크림바 240ml,http://prod.danawa.com/info/?pcode=12574253&keyword=%EC%95%84%EC%9D%B4%EC%8A%A4%ED%81%AC%EB%A6%BC&cate=16231183,"16,000원",5.0,2020.10.,아이스크림 / 바(막대)
하겐다즈 아이스크림 골라담기,http://prod.danawa.com/info/?pcode=14243276&keyword=%EC%95%84%EC%9D%B4%EC%8A%A4%ED%81%AC%EB%A6%BC&cate=16231183,"37,670원",5.0,2020.08.,아이스크림
라벨리 요거트 블루베리 아이스크림 4L,http://prod.danawa.com/info/?pcode=5353070&keyword=%EC%95%84%EC%9D%B4%EC%8A%A4%ED%81%AC%EB%A6%BC&cate=16231183,"19,500원",4.7,2017.07.,"아이스크림 / 컵,파우치"
동그린 밀키파인트 더블 프로틴 우유 474ml,http://prod.danawa.com/info/?pcode=15659549&keyword=%EC%95%84%EC%9D%B4%EC%8A%A4%ED%81%AC%EB%A6%BC&cate=16231183,"8,470원",,2021.11.,"아이스크림 / 컵,파우치"
파브리 레몬 젤라또 9.5L,http://prod.danawa.com/info/?pcode=11596217&keyword=%EC%95%84%EC%9D%B4%EC%8A%A4%ED%81%AC%EB%A6%BC&cate=16231183,"71,990원",5.0,2019.06.,"아이스크림 / 컵,파우치 / 특징: 대용량,업소용"
해태제과 인절미 통통 63ml,http://prod.danawa.com/info/?pcode=7943584&keyword=%EC%95%84%EC%9D%B4%EC%8A%A4%ED%81%AC%EB%A6%BC&cate=16231183,"2,750원",5.0,2019.05.,아이스크림 / 바(막대)
롯데제과 본젤라또 리얼알폰소 망고 90ml,http://prod.danawa.com/info/?pcode=14495534&keyword=%EC%95%84%EC%9D%B4%EC%8A%A4%ED%81%AC%EB%A6%BC&cate=16231183,"5,940원",4.5,2021.06.,아이스크림 / 바(막대)
빙그레 끌레도르 레드카펫 치즈케익 파인트 474ml,http://prod.danawa.com/info/?pcode=12002393&keyword=%EC%95%84%EC%9D%B4%EC%8A%A4%ED%81%AC%EB%A6%BC&cate=16231183,"4,900원",4.9,2020.08.,"아이스크림 / 컵,파우치"
롯데푸드 라베스트 벨기에초코바 85ml,http://prod.danawa.com/info/?pcode=12023393&keyword=%EC%95%84%EC%9D%B4%EC%8A%A4%ED%81%AC%EB%A6%BC&cate=16231183,"18,160원",4.8,2020.08.,아이스크림 / 바(막대)
나뚜루 아이스크림 골라담기,http://prod.danawa.com/info/?pcode=14242928&keyword=%EC%95%84%EC%9D%B4%EC%8A%A4%ED%81%AC%EB%A6%BC&cate=16231183,"28,710원",,2020.08.,아이스크림
해태제과 체리마루 홈 600ml,http://prod.danawa.com/info/?pcode=5111736&keyword=%EC%95%84%EC%9D%B4%EC%8A%A4%ED%81%AC%EB%A6%BC&cate=16231183,"4,300원",4.0,2017.04.,"아이스크림 / 컵,파우치"
롯데제과 셀렉션 아이스크림 싱글초코 10개입 500ml,http://prod.danawa.com/info/?pcode=16167473&keyword=%EC%95%84%EC%9D%B4%EC%8A%A4%ED%81%AC%EB%A6%BC&cate=16231183,"4,800원",,2022.01.,아이스크림
하겐다즈 다크 초콜렛 가나슈 아몬드 파인트 아이스크림 473ml,http://prod.danawa.com/info/?pcode=12558680&keyword=%EC%95%84%EC%9D%B4%EC%8A%A4%ED%81%AC%EB%A6%BC&cate=16231183,"8,100원",4.9,2020.10.,"아이스크림 / 컵,파우치"
롯데푸드 빽다방 옥수수 아이스크림 474ml,http://prod.danawa.com/info/?pcode=11244318&keyword=%EC%95%84%EC%9D%B4%EC%8A%A4%ED%81%AC%EB%A6%BC&cate=16231183,"2,450원",4.5,2020.05.,"아이스크림 / 컵,파우치 / 1회 제공량 100ml당 열량: 125kcal / 나트륨: 70mg / 탄수화물: 17g / 당류: 14g / 지방: 5g / 트랜스지방: 0.5g / 포화지방: 3.9g / 콜레스테롤: 20mg / 단백질: 2g"
롯데제과 위즐 미니 쿠키앤크림 230ml,http://prod.danawa.com/info/?pcode=16190660&keyword=%EC%95%84%EC%9D%B4%EC%8A%A4%ED%81%AC%EB%A6%BC&cate=16231183,"13,330원",,2021.01.,"아이스크림 / 컵,파우치"
서울우유 바나나우유 아이스크림 474ml,http://prod.danawa.com/info/?pcode=12571634&keyword=%EC%95%84%EC%9D%B4%EC%8A%A4%ED%81%AC%EB%A6%BC&cate=16231183,"6,770원",4.6,2020.10.,"아이스크림 / 컵,파우치"
서울우유 딸기우유 아이스크림 474ml,http://prod.danawa.com/info/?pcode=12571715&keyword=%EC%95%84%EC%9D%B4%EC%8A%A4%ED%81%AC%EB%A6%BC&cate=16231183,"6,770원",4.5,2020.10.,"아이스크림 / 컵,파우치"
해태제과 부라보 바 화이트 바닐라 63ml,http://prod.danawa.com/info/?pcode=7932793&keyword=%EC%95%84%EC%9D%B4%EC%8A%A4%ED%81%AC%EB%A6%BC&cate=16231183,"23,630원",5.0,2019.05.,아이스크림 / 바(막대)
하겐다즈 스트로베리 크림 아이스크림 바 3개입 멀티바 240ml,http://prod.danawa.com/info/?pcode=5104278&keyword=%EC%95%84%EC%9D%B4%EC%8A%A4%ED%81%AC%EB%A6%BC&cate=16231183,"11,860원",4.7,2017.04.,아이스크림 / 바(막대)
허쉬 초코바 100ml,http://prod.danawa.com/info/?pcode=14609732&keyword=%EC%95%84%EC%9D%B4%EC%8A%A4%ED%81%AC%EB%A6%BC&cate=16231183,"17,010원",4.8,2018.08.,아이스크림 / 바(막대)
라벨리 요거트 블루베리 아이스크림 10L,http://prod.danawa.com/info/?pcode=6144479&keyword=%EC%95%84%EC%9D%B4%EC%8A%A4%ED%81%AC%EB%A6%BC&cate=16231183,"42,990원",4.7,2018.05.,"아이스크림 / 컵,파우치 / 특징: 대용량,업소용"
라벨리 녹차 아이스크림 4L,http://prod.danawa.com/info/?pcode=5353279&keyword=%EC%95%84%EC%9D%B4%EC%8A%A4%ED%81%AC%EB%A6%BC&cate=16231183,"19,490원",4.6,2017.07.,"아이스크림 / 컵,파우치"
라벨리 녹차 아이스크림 4L,http://prod.danawa.com/info/?pcode=5353279&keyword=%EC%95%84%EC%9D%B4%EC%8A%A4%ED%81%AC%EB%A6%BC&cate=16231183,"19,490원",4.6,2017.07.,"아이스크림 / 컵,파우치"
롯데제과 더블비얀코 베리베리 185ml,http://prod.danawa.com/info/?pcode=15014792&keyword=%EC%95%84%EC%9D%B4%EC%8A%A4%ED%81%AC%EB%A6%BC&cate=16231183,990원,4.5,2021.08.,"아이스크림 / 컵,파우치"
하겐다즈 벨지안 초콜릿 헤이즐넛 파인트 아이스크림 473ml,http://prod.danawa.com/info/?pcode=14656079&keyword=%EC%95%84%EC%9D%B4%EC%8A%A4%ED%81%AC%EB%A6%BC&cate=16231183,"11,330원",4.6,2021.07.,"아이스크림 / 컵,파우치"
해태제과 폴라포 피치 120ml,http://prod.danawa.com/info/?pcode=11107206&keyword=%EC%95%84%EC%9D%B4%EC%8A%A4%ED%81%AC%EB%A6%BC&cate=16231183,"3,000원",5.0,2020.04.,"아이스크림 / 컵,파우치"
oL51XRlwL7,/ajax/productPot.ajax.php?key=oL51XRlwL7,40778원,,,oL51XRlwL740778
하겐다즈 스트로베리 미니컵 아이스크림 100ml,http://prod.danawa.com/info/?pcode=7935499&keyword=%EC%95%84%EC%9D%B4%EC%8A%A4%ED%81%AC%EB%A6%BC&cate=16231183,"4,800원",,2019.05.,"아이스크림 / 컵,파우치"
유니레버 매그넘 클래식 110ml,http://prod.danawa.com/info/?pcode=7568554&keyword=%EC%95%84%EC%9D%B4%EC%8A%A4%ED%81%AC%EB%A6%BC&cate=16231183,"12,740원",,2017.04.,아이스크림 / 바(막대)
디핀다트 구슬아이스크림 4종 12개입,http://prod.danawa.com/info/?pcode=11097573&keyword=%EC%95%84%EC%9D%B4%EC%8A%A4%ED%81%AC%EB%A6%BC&cate=16231183,"18,150원",4.8,2020.04.,"아이스크림 / 구슬 / 구성: 레인보우, 딸기, 초코바나나, 쿠키앤크림"
헤일로 탑 피넛버터 컵 473ml,http://prod.danawa.com/info/?pcode=11091387&keyword=%EC%95%84%EC%9D%B4%EC%8A%A4%ED%81%AC%EB%A6%BC&cate=16231183,"7,900원",3.9,2020.04.,"아이스크림 / 컵,파우치 / 1회 제공량 100ml당 열량: 70kcal / 나트륨: 95mg / 탄수화물: 12g / 당류: 5g / 식이섬유: 2.4g / 당알코올: 4.1g / 지방: 2.7g / 트랜스지방: 0g / 포화지방: 1g / 콜레스테롤: 40mg / 단백질: 4g"
롯데푸드 라베스트 쿠키크림치즈바 85ml,http://prod.danawa.com/info/?pcode=12022637&keyword=%EC%95%84%EC%9D%B4%EC%8A%A4%ED%81%AC%EB%A6%BC&cate=16231183,"18,160원",5.0,2020.08.,아이스크림 / 바(막대)
빙그레 끌레도르 쿠키앤크림 바 90ml,http://prod.danawa.com/info/?pcode=8049580&keyword=%EC%95%84%EC%9D%B4%EC%8A%A4%ED%81%AC%EB%A6%BC&cate=16231183,"12,500원",,2019.05.,아이스크림 / 바(막대)
아이푸드 서주 서주 아이스주 75ml,http://prod.danawa.com/info/?pcode=7931503&keyword=%EC%95%84%EC%9D%B4%EC%8A%A4%ED%81%AC%EB%A6%BC&cate=16231183,550원,5.0,2019.05.,아이스크림 / 바(막대)
빙그레 슈퍼콘 초코 150ml,http://prod.danawa.com/info/?pcode=6342179&keyword=%EC%95%84%EC%9D%B4%EC%8A%A4%ED%81%AC%EB%A6%BC&cate=16231183,"1,000원",4.6,2018.07.,아이스크림 / 콘
하겐다즈 파인트 트위스트크런치 초콜릿앤바닐라 403ml,http://prod.danawa.com/info/?pcode=15248849&keyword=%EC%95%84%EC%9D%B4%EC%8A%A4%ED%81%AC%EB%A6%BC&cate=16231183,"11,860원",5.0,2021.09.,"아이스크림 / 컵,파우치"
하겐다즈 파인트 트위스트크런치 초콜릿앤스트로베리 403ml,http://prod.danawa.com/info/?pcode=15248027&keyword=%EC%95%84%EC%9D%B4%EC%8A%A4%ED%81%AC%EB%A6%BC&cate=16231183,"13,490원",4.5,2021.09.,"아이스크림 / 컵,파우치"
빙그레 그라시아 쿠앤크 710ml,http://prod.danawa.com/info/?pcode=12035849&keyword=%EC%95%84%EC%9D%B4%EC%8A%A4%ED%81%AC%EB%A6%BC&cate=16231183,"4,900원",4.7,2020.08.,"아이스크림 / 컵,파우치"
나뚜루 캐슈바닐라 파인트 474ml,http://prod.danawa.com/info/?pcode=12021839&keyword=%EC%95%84%EC%9D%B4%EC%8A%A4%ED%81%AC%EB%A6%BC&cate=16231183,"8,300원",4.1,2020.08.,"아이스크림 / 컵,파우치"
라벨리 리치몬드 108ml,http://prod.danawa.com/info/?pcode=10722615&keyword=%EC%95%84%EC%9D%B4%EC%8A%A4%ED%81%AC%EB%A6%BC&cate=16231183,일시품절,4.5,2020.03.,아이스크림 / 바(막대)
허쉬 쿠키 앤 크림 바 90ml,http://prod.danawa.com/info/?pcode=14611229&keyword=%EC%95%84%EC%9D%B4%EC%8A%A4%ED%81%AC%EB%A6%BC&cate=16231183,"17,900원",4.4,2019.03.,아이스크림 / 바(막대)
하겐다즈 벨지안 초콜릿 앤 헤이즐넛 아이스크림 바 80ml,http://prod.danawa.com/info/?pcode=14659148&keyword=%EC%95%84%EC%9D%B4%EC%8A%A4%ED%81%AC%EB%A6%BC&cate=16231183,"4,550원",5.0,2021.07.,아이스크림 / 바(막대)
한국야쿠르트 얼려있는 야쿠르트 125ml,http://prod.danawa.com/info/?pcode=14429234&keyword=%EC%95%84%EC%9D%B4%EC%8A%A4%ED%81%AC%EB%A6%BC&cate=16231183,"33,600원",4.8,2021.06.,아이스크림 / 튜브(쭈쭈바)
파브리 요거트 젤라또 9.5L,http://prod.danawa.com/info/?pcode=8117401&keyword=%EC%95%84%EC%9D%B4%EC%8A%A4%ED%81%AC%EB%A6%BC&cate=16231183,"64,070원",4.1,2019.06.,"아이스크림 / 컵,파우치 / 특징: 대용량,업소용"
라벨리 딜리셔스 바닐라 아이스크림 9L,http://prod.danawa.com/info/?pcode=6144662&keyword=%EC%95%84%EC%9D%B4%EC%8A%A4%ED%81%AC%EB%A6%BC&cate=16231183,"39,590원",4.7,2018.05.,"아이스크림 / 컵,파우치 / 특징: 대용량,업소용"
롯데제과 더블비얀코 바닐라 185ml,http://prod.danawa.com/info/?pcode=15014714&keyword=%EC%95%84%EC%9D%B4%EC%8A%A4%ED%81%AC%EB%A6%BC&cate=16231183,"18,890원",3.8,2017.07.,"아이스크림 / 컵,파우치"
매일유업 상하목장 얼려먹는 아이스크림 밀크 85ml x 12개 + 얼려먹는 아이스크림 망고 85ml x 12개,http://prod.danawa.com/info/?pcode=14624216&keyword=%EC%95%84%EC%9D%B4%EC%8A%A4%ED%81%AC%EB%A6%BC&cate=16231183,"16,810원",4.4,2021.06.,"아이스크림 / 컵,파우치 / 아이스주스"
헤일로 탑 씨 솔트 카라멜 473ml,http://prod.danawa.com/info/?pcode=11091576&keyword=%EC%95%84%EC%9D%B4%EC%8A%A4%ED%81%AC%EB%A6%BC&cate=16231183,"9,510원",3.7,2020.04.,"아이스크림 / 컵,파우치 / 1회 제공량 100ml당 열량: 60kcal / 나트륨: 120mg / 탄수화물: 13g / 당류: 6.3g / 식이섬유: 2.6g / 당알코올: 4.3g / 지방: 1.9g / 트랜스지방: 0g / 포화지방: 0.9g / 콜레스테롤: 40mg / 단백질: 4g"
디핀다트 구슬아이스크림 4종 36개입,http://prod.danawa.com/info/?pcode=11098248&keyword=%EC%95%84%EC%9D%B4%EC%8A%A4%ED%81%AC%EB%A6%BC&cate=16231183,"47,210원",4.9,2020.04.,"아이스크림 / 구슬 / 구성: 레인보우, 딸기, 초코바나나, 쿠키앤크림"
아이푸드 서주 왕포도알 청포도맛 125ml,http://prod.danawa.com/info/?pcode=8094034&keyword=%EC%95%84%EC%9D%B4%EC%8A%A4%ED%81%AC%EB%A6%BC&cate=16231183,660원,4.6,2019.06.,"아이스크림 / 컵,파우치"
롯데푸드 쮸쮸바 망고 130ml,http://prod.danawa.com/info/?pcode=8142976&keyword=%EC%95%84%EC%9D%B4%EC%8A%A4%ED%81%AC%EB%A6%BC&cate=16231183,660원,3.6,2019.06.,아이스크림 / 튜브(쭈쭈바)
라벨리 그린티 아이스크림 4L,http://prod.danawa.com/info/?pcode=10729683&keyword=%EC%95%84%EC%9D%B4%EC%8A%A4%ED%81%AC%EB%A6%BC&cate=16231183,"19,310원",,2020.03.,"아이스크림 / 컵,파우치"
라벨리 스트로베리 아이스크림 10L,http://prod.danawa.com/info/?pcode=6144474&keyword=%EC%95%84%EC%9D%B4%EC%8A%A4%ED%81%AC%EB%A6%BC&cate=16231183,"42,990원",4.7,2018.05.,"아이스크림 / 컵,파우치 / 특징: 대용량,업소용"
케이지 제주오메오메 아이스 찹쌀오메기떡 오메만족세트 12개입,http://prod.danawa.com/info/?pcode=16991060&keyword=%EC%95%84%EC%9D%B4%EC%8A%A4%ED%81%AC%EB%A6%BC&cate=16231183,"39,990원",5.0,2022.05.,"아이스크림 / 컵,파우치"
해태제과 찰떡 시모나 120ml,http://prod.danawa.com/info/?pcode=10250352&keyword=%EC%95%84%EC%9D%B4%EC%8A%A4%ED%81%AC%EB%A6%BC&cate=16231183,"2,700원",4.0,2019.12.,아이스크림 / 샌드
희창유업 아이스크림용 믹스 바닐라향 1kg,http://prod.danawa.com/info/?pcode=6354324&keyword=%EC%95%84%EC%9D%B4%EC%8A%A4%ED%81%AC%EB%A6%BC&cate=16231183,"3,630원",4.8,2018.08.,아이스크림 믹스
해태제과 쿠키마루 660ml,http://prod.danawa.com/info/?pcode=14422538&keyword=%EC%95%84%EC%9D%B4%EC%8A%A4%ED%81%AC%EB%A6%BC&cate=16231183,"33,280원",,2021.06.,"아이스크림 / 컵,파우치"
나뚜루 글라세 다쿠아즈 딸기 140ml,http://prod.danawa.com/info/?pcode=14041982&keyword=%EC%95%84%EC%9D%B4%EC%8A%A4%ED%81%AC%EB%A6%BC&cate=16231183,"12,530원",,2021.04.,아이스크림 / 샌드
나뚜루 글라세 다쿠아즈 초콜릿 140ml,http://prod.danawa.com/info/?pcode=14041946&keyword=%EC%95%84%EC%9D%B4%EC%8A%A4%ED%81%AC%EB%A6%BC&cate=16231183,"12,410원",,2021.04.,아이스크림 / 샌드
롯데제과 앙꼬바 70ml,http://prod.danawa.com/info/?pcode=10841919&keyword=%EC%95%84%EC%9D%B4%EC%8A%A4%ED%81%AC%EB%A6%BC&cate=16231183,660원,,2020.03.,아이스크림 / 바(막대)
라벨리 옥수수 익어가는 아이스크림 80ml,http://prod.danawa.com/info/?pcode=5223117&keyword=%EC%95%84%EC%9D%B4%EC%8A%A4%ED%81%AC%EB%A6%BC&cate=16231183,"23,990원",4.6,2017.06.,아이스크림 / 바(막대)
롯데제과 조안나 바닐라 850ml,http://prod.danawa.com/info/?pcode=3571853&keyword=%EC%95%84%EC%9D%B4%EC%8A%A4%ED%81%AC%EB%A6%BC&cate=16231183,"4,900원",4.9,2015.11.,"아이스크림 / 컵,파우치"
롯데푸드 국화빵 슈크림 150ml,http://prod.danawa.com/info/?pcode=14495084&keyword=%EC%95%84%EC%9D%B4%EC%8A%A4%ED%81%AC%EB%A6%BC&cate=16231183,"20,900원",5.0,2021.06.,아이스크림 / 샌드
